,mtt,mu_pt,mu_abseta,pileup,weight,nevents,N_gen,gw_pos,gw_neg
0,1148.820385322009,82.708435,0.14889526,24.0,316.46600341796875,101343000.0,100522516.0,100932758.0,410242.0
1,872.0107933031086,82.708435,0.14889526,24.0,316.46600341796875,101343000.0,100522516.0,100932758.0,410242.0
2,337.3944786800818,111.00792,0.5612793,30.0,316.46600341796875,101343000.0,100522516.0,100932758.0,410242.0
3,484.8896616783705,111.00792,0.5612793,30.0,316.46600341796875,101343000.0,100522516.0,100932758.0,410242.0
4,1588.8067133763209,168.08531,0.18612671,20.0,316.46600341796875,101343000.0,100522516.0,100932758.0,410242.0
5,1436.9760520616608,168.08531,0.18612671,20.0,316.46600341796875,101343000.0,100522516.0,100932758.0,410242.0
6,1123.9769493749916,114.30175,0.22390747,25.0,316.46600341796875,101343000.0,100522516.0,100932758.0,410242.0
7,1414.962069209219,114.30175,0.22390747,25.0,316.46600341796875,101343000.0,100522516.0,100932758.0,410242.0
8,2169.754943032371,78.71893,1.7592773,19.0,316.46600341796875,101343000.0,100522516.0,100932758.0,410242.0
9,1553.0862707086767,99.02864,1.3693848,22.0,316.46600341796875,101343000.0,100522516.0,100932758.0,410242.0
10,1090.74884931706,102.24518,1.3518066,26.0,316.46600341796875,101343000.0,100522516.0,100932758.0,410242.0
11,1309.4511376628184,102.24518,1.3518066,26.0,316.46600341796875,101343000.0,100522516.0,100932758.0,410242.0
12,491.73912256054587,110.18988,0.35266113,27.0,316.46600341796875,101343000.0,100522516.0,100932758.0,410242.0
13,459.1159637888072,110.18988,0.35266113,27.0,316.46600341796875,101343000.0,100522516.0,100932758.0,410242.0
14,329.4943203198,136.73982,0.28320312,11.0,316.46600341796875,101343000.0,100522516.0,100932758.0,410242.0
15,284.3660894040027,136.73982,0.28320312,11.0,316.46600341796875,101343000.0,100522516.0,100932758.0,410242.0
16,782.607549559041,136.73982,0.28320312,11.0,316.46600341796875,101343000.0,100522516.0,100932758.0,410242.0
17,1174.1575102357594,97.82224,1.1352539,33.0,316.46600341796875,101343000.0,100522516.0,100932758.0,410242.0
18,1053.361261085527,97.82224,1.1352539,33.0,316.46600341796875,101343000.0,100522516.0,100932758.0,410242.0
19,933.6929594374228,97.82224,1.1352539,33.0,316.46600341796875,101343000.0,100522516.0,100932758.0,410242.0
20,1298.1435447934591,143.85837,1.3432617,21.0,316.46600341796875,101343000.0,100522516.0,100932758.0,410242.0
21,1132.9307784628431,143.85837,1.3432617,21.0,316.46600341796875,101343000.0,100522516.0,100932758.0,410242.0
22,2275.790612825514,157.26756,1.1257324,33.0,316.46600341796875,101343000.0,100522516.0,100932758.0,410242.0
23,809.6016204533561,157.26756,1.1257324,33.0,316.46600341796875,101343000.0,100522516.0,100932758.0,410242.0
24,1219.7556333144228,197.63408,1.6669922,24.0,-316.46600341796875,101343000.0,100522516.0,100932758.0,410242.0
25,383.09927581688765,121.79997,0.8220215,16.0,316.46600341796875,101343000.0,100522516.0,100932758.0,410242.0
26,755.6331086753041,125.03564,1.4394531,22.0,316.46600341796875,101343000.0,100522516.0,100932758.0,410242.0
27,1036.938088444982,125.03564,1.4394531,22.0,316.46600341796875,101343000.0,100522516.0,100932758.0,410242.0
28,1334.7463063796545,183.81175,0.4310913,20.0,316.46600341796875,101343000.0,100522516.0,100932758.0,410242.0
29,608.3286189142151,102.676704,1.4951172,23.0,316.46600341796875,101343000.0,100522516.0,100932758.0,410242.0
30,762.977531501574,102.676704,1.4951172,23.0,316.46600341796875,101343000.0,100522516.0,100932758.0,410242.0
31,2226.3102002080946,118.2996,1.548584,17.0,316.46600341796875,101343000.0,100522516.0,100932758.0,410242.0
32,1584.778721662532,118.2996,1.548584,17.0,316.46600341796875,101343000.0,100522516.0,100932758.0,410242.0
33,828.9019322690907,102.37605,2.0629883,27.0,316.46600341796875,101343000.0,100522516.0,100932758.0,410242.0
34,2061.676171973698,139.34619,0.1645813,21.0,316.46600341796875,101343000.0,100522516.0,100932758.0,410242.0
35,480.8369572078414,139.34619,0.1645813,21.0,316.46600341796875,101343000.0,100522516.0,100932758.0,410242.0
36,401.93094096428206,129.19293,0.6542969,28.0,316.46600341796875,101343000.0,100522516.0,100932758.0,410242.0
37,397.4458078980807,129.19293,0.6542969,28.0,316.46600341796875,101343000.0,100522516.0,100932758.0,410242.0
38,1074.4397609690343,186.85567,1.0734863,31.0,316.46600341796875,101343000.0,100522516.0,100932758.0,410242.0
39,1420.0471691292453,186.85567,1.0734863,31.0,316.46600341796875,101343000.0,100522516.0,100932758.0,410242.0
40,982.8931269779496,186.85567,1.0734863,31.0,316.46600341796875,101343000.0,100522516.0,100932758.0,410242.0
41,402.2247996160403,78.89053,0.6636963,29.0,316.46600341796875,101343000.0,100522516.0,100932758.0,410242.0
42,443.4052485881318,78.89053,0.6636963,29.0,316.46600341796875,101343000.0,100522516.0,100932758.0,410242.0
43,817.0894370555601,124.311295,0.01035881,22.0,316.46600341796875,101343000.0,100522516.0,100932758.0,410242.0
44,1320.8677320851934,210.95836,1.4348145,18.0,316.46600341796875,101343000.0,100522516.0,100932758.0,410242.0
45,1042.2059723589607,210.95836,1.4348145,18.0,316.46600341796875,101343000.0,100522516.0,100932758.0,410242.0
46,1108.1322130602175,96.96733,1.7028809,23.0,316.46600341796875,101343000.0,100522516.0,100932758.0,410242.0
47,1383.0879155805972,96.96733,1.7028809,23.0,316.46600341796875,101343000.0,100522516.0,100932758.0,410242.0
48,334.4833447419272,113.779175,0.06123352,34.0,316.46600341796875,101343000.0,100522516.0,100932758.0,410242.0
49,279.7332349140025,113.779175,0.06123352,34.0,316.46600341796875,101343000.0,100522516.0,100932758.0,410242.0
50,1019.2620722758196,57.80182,0.80249023,11.0,316.46600341796875,101343000.0,100522516.0,100932758.0,410242.0
51,1165.6052053050655,57.80182,0.80249023,11.0,316.46600341796875,101343000.0,100522516.0,100932758.0,410242.0
52,868.6341531583753,57.80182,0.80249023,11.0,316.46600341796875,101343000.0,100522516.0,100932758.0,410242.0
53,809.8776633046567,57.80182,0.80249023,11.0,316.46600341796875,101343000.0,100522516.0,100932758.0,410242.0
54,1209.7323441282615,81.649765,0.8666992,15.0,316.46600341796875,101343000.0,100522516.0,100932758.0,410242.0
55,248.6200641387204,105.31661,0.64282227,26.0,316.46600341796875,101343000.0,100522516.0,100932758.0,410242.0
56,862.8491300220863,86.12147,1.4929199,20.0,316.46600341796875,101343000.0,100522516.0,100932758.0,410242.0
57,718.4970596594815,86.12147,1.4929199,20.0,316.46600341796875,101343000.0,100522516.0,100932758.0,410242.0
58,1660.9639408467742,255.8752,0.4204712,23.0,316.46600341796875,101343000.0,100522516.0,100932758.0,410242.0
59,1135.9570792337838,255.8752,0.4204712,23.0,316.46600341796875,101343000.0,100522516.0,100932758.0,410242.0
60,856.5112604728042,154.02325,1.0053711,17.0,316.46600341796875,101343000.0,100522516.0,100932758.0,410242.0
61,572.5010537039508,121.97867,0.9055176,28.0,316.46600341796875,101343000.0,100522516.0,100932758.0,410242.0
62,499.5169865481837,121.97867,0.9055176,28.0,316.46600341796875,101343000.0,100522516.0,100932758.0,410242.0
63,1433.4321738214046,122.20988,0.76794434,28.0,316.46600341796875,101343000.0,100522516.0,100932758.0,410242.0
64,1106.022259036638,122.20988,0.76794434,28.0,316.46600341796875,101343000.0,100522516.0,100932758.0,410242.0
65,603.7237881328182,92.64049,0.55895996,19.0,316.46600341796875,101343000.0,100522516.0,100932758.0,410242.0
66,364.8072273049371,94.317665,0.4829712,20.0,316.46600341796875,101343000.0,100522516.0,100932758.0,410242.0
67,345.6461854348375,94.317665,0.4829712,20.0,316.46600341796875,101343000.0,100522516.0,100932758.0,410242.0
68,364.6725113658748,94.317665,0.4829712,20.0,316.46600341796875,101343000.0,100522516.0,100932758.0,410242.0
69,330.57061333807314,186.8085,0.2441101,20.0,316.46600341796875,101343000.0,100522516.0,100932758.0,410242.0
70,1214.8388741747992,145.04929,1.0505371,30.0,316.46600341796875,101343000.0,100522516.0,100932758.0,410242.0
71,950.00820588281,145.04929,1.0505371,30.0,316.46600341796875,101343000.0,100522516.0,100932758.0,410242.0
72,1369.861218567637,145.9102,1.057373,18.0,316.46600341796875,101343000.0,100522516.0,100932758.0,410242.0
73,1108.0612566873394,145.9102,1.057373,18.0,316.46600341796875,101343000.0,100522516.0,100932758.0,410242.0
74,602.8551254720402,104.2766,1.3718262,36.0,316.46600341796875,101343000.0,100522516.0,100932758.0,410242.0
75,1758.429459037288,186.15337,1.7692871,29.0,316.46600341796875,101343000.0,100522516.0,100932758.0,410242.0
76,1409.0973372478486,186.15337,1.7692871,29.0,316.46600341796875,101343000.0,100522516.0,100932758.0,410242.0
77,1392.1598795635985,186.15337,1.7692871,29.0,316.46600341796875,101343000.0,100522516.0,100932758.0,410242.0
78,2457.3736834756883,102.19756,1.6018066,23.0,316.46600341796875,101343000.0,100522516.0,100932758.0,410242.0
79,517.8926566669395,102.19756,1.6018066,23.0,316.46600341796875,101343000.0,100522516.0,100932758.0,410242.0
80,1660.0449487331705,240.55298,1.001709,10.0,316.46600341796875,101343000.0,100522516.0,100932758.0,410242.0
81,1416.809546430684,240.55298,1.001709,10.0,316.46600341796875,101343000.0,100522516.0,100932758.0,410242.0
82,452.83265687715857,150.04227,0.61938477,23.0,316.46600341796875,101343000.0,100522516.0,100932758.0,410242.0
83,1090.8938946277651,95.51078,0.07220459,31.0,316.46600341796875,101343000.0,100522516.0,100932758.0,410242.0
84,415.1675642727996,84.310646,0.4352417,20.0,316.46600341796875,101343000.0,100522516.0,100932758.0,410242.0
85,464.0443153596056,84.310646,0.4352417,20.0,316.46600341796875,101343000.0,100522516.0,100932758.0,410242.0
86,1213.0471199586814,139.94815,0.48687744,14.0,316.46600341796875,101343000.0,100522516.0,100932758.0,410242.0
87,1342.2552766645765,139.94815,0.48687744,14.0,316.46600341796875,101343000.0,100522516.0,100932758.0,410242.0
88,1386.5353819217069,208.75871,0.29815674,20.0,316.46600341796875,101343000.0,100522516.0,100932758.0,410242.0
89,350.6414436656537,217.75746,0.7993164,35.0,316.46600341796875,101343000.0,100522516.0,100932758.0,410242.0
90,1198.3038376277727,217.75746,0.7993164,35.0,316.46600341796875,101343000.0,100522516.0,100932758.0,410242.0
91,331.8334997424293,217.75746,0.7993164,35.0,316.46600341796875,101343000.0,100522516.0,100932758.0,410242.0
92,319.38558168270293,217.75746,0.7993164,35.0,316.46600341796875,101343000.0,100522516.0,100932758.0,410242.0
93,1098.8495753808977,83.48543,1.3269043,24.0,316.46600341796875,101343000.0,100522516.0,100932758.0,410242.0
94,995.0202699307262,83.48543,1.3269043,24.0,316.46600341796875,101343000.0,100522516.0,100932758.0,410242.0
95,377.7720727782639,160.06186,0.4348755,17.0,316.46600341796875,101343000.0,100522516.0,100932758.0,410242.0
96,891.3289604999638,90.87983,1.3269043,29.0,316.46600341796875,101343000.0,100522516.0,100932758.0,410242.0
97,948.3926720849976,131.0648,1.425293,22.0,316.46600341796875,101343000.0,100522516.0,100932758.0,410242.0
98,1072.539075747399,131.0648,1.425293,22.0,316.46600341796875,101343000.0,100522516.0,100932758.0,410242.0
99,1591.6057880642816,92.454865,0.74890137,23.0,316.46600341796875,101343000.0,100522516.0,100932758.0,410242.0
100,1521.8787020219331,92.454865,0.74890137,23.0,316.46600341796875,101343000.0,100522516.0,100932758.0,410242.0
101,916.2021848035192,170.86597,0.12686157,22.0,316.46600341796875,101343000.0,100522516.0,100932758.0,410242.0
102,1577.7991803067212,225.75986,0.59558105,21.0,316.46600341796875,101343000.0,100522516.0,100932758.0,410242.0
103,1383.7967638657594,225.75986,0.59558105,21.0,316.46600341796875,101343000.0,100522516.0,100932758.0,410242.0
104,995.5993205048412,145.82285,0.50634766,10.0,316.46600341796875,101343000.0,100522516.0,100932758.0,410242.0
105,898.5812830682231,145.82285,0.50634766,10.0,316.46600341796875,101343000.0,100522516.0,100932758.0,410242.0
106,752.5066559681077,145.82285,0.50634766,10.0,316.46600341796875,101343000.0,100522516.0,100932758.0,410242.0
107,364.9199645470301,186.40184,0.6960449,29.0,316.46600341796875,101343000.0,100522516.0,100932758.0,410242.0
108,581.5982650063528,186.40184,0.6960449,29.0,316.46600341796875,101343000.0,100522516.0,100932758.0,410242.0
109,1423.7929721303817,84.41248,0.8847656,29.0,316.46600341796875,101343000.0,100522516.0,100932758.0,410242.0
110,1848.6619962793677,93.82248,1.1599121,25.0,316.46600341796875,101343000.0,100522516.0,100932758.0,410242.0
111,1791.451604615169,93.82248,1.1599121,25.0,316.46600341796875,101343000.0,100522516.0,100932758.0,410242.0
112,1351.359852592451,93.82248,1.1599121,25.0,316.46600341796875,101343000.0,100522516.0,100932758.0,410242.0
113,1315.0144223724935,152.4221,1.3122559,10.0,316.46600341796875,101343000.0,100522516.0,100932758.0,410242.0
114,416.0555477783764,78.39763,1.1137695,17.0,316.46600341796875,101343000.0,100522516.0,100932758.0,410242.0
115,356.4089447044226,78.39763,1.1137695,17.0,316.46600341796875,101343000.0,100522516.0,100932758.0,410242.0
116,656.2610581000214,139.37764,1.2185059,18.0,316.46600341796875,101343000.0,100522516.0,100932758.0,410242.0
117,691.007827247855,65.70461,0.39569092,15.0,316.46600341796875,101343000.0,100522516.0,100932758.0,410242.0
118,819.6131197689183,110.23451,0.2962036,22.0,316.46600341796875,101343000.0,100522516.0,100932758.0,410242.0
119,481.99086102562296,110.23451,0.2962036,22.0,316.46600341796875,101343000.0,100522516.0,100932758.0,410242.0
120,665.3021102839281,110.23451,0.2962036,22.0,316.46600341796875,101343000.0,100522516.0,100932758.0,410242.0
121,1440.777540073167,151.09929,0.37213135,26.0,316.46600341796875,101343000.0,100522516.0,100932758.0,410242.0
122,1209.6131581671807,151.09929,0.37213135,26.0,316.46600341796875,101343000.0,100522516.0,100932758.0,410242.0
123,941.2841508866549,56.60138,0.15533447,21.0,316.46600341796875,101343000.0,100522516.0,100932758.0,410242.0
124,705.8945851323605,56.60138,0.15533447,21.0,316.46600341796875,101343000.0,100522516.0,100932758.0,410242.0
125,1622.8963258374306,141.38318,2.0175781,19.0,316.46600341796875,101343000.0,100522516.0,100932758.0,410242.0
126,376.8539385198487,172.04398,0.42279053,32.0,316.46600341796875,101343000.0,100522516.0,100932758.0,410242.0
127,867.9021827671232,172.04398,0.42279053,32.0,316.46600341796875,101343000.0,100522516.0,100932758.0,410242.0
128,349.7494331386061,197.34956,0.3928833,26.0,316.46600341796875,101343000.0,100522516.0,100932758.0,410242.0
129,484.6072431841383,197.34956,0.3928833,26.0,316.46600341796875,101343000.0,100522516.0,100932758.0,410242.0
130,389.93800927822633,184.15353,0.2545166,16.0,316.46600341796875,101343000.0,100522516.0,100932758.0,410242.0
131,854.7966632297577,184.15353,0.2545166,16.0,316.46600341796875,101343000.0,100522516.0,100932758.0,410242.0
132,688.7366818970243,123.39619,0.3330078,27.0,316.46600341796875,101343000.0,100522516.0,100932758.0,410242.0
133,1345.5141303307412,140.81856,1.5673828,26.0,316.46600341796875,101343000.0,100522516.0,100932758.0,410242.0
134,559.229795027643,118.71336,0.600708,29.0,316.46600341796875,101343000.0,100522516.0,100932758.0,410242.0
135,372.2847345465392,166.90782,0.8483887,33.0,316.46600341796875,101343000.0,100522516.0,100932758.0,410242.0
136,404.155882020392,166.90782,0.8483887,33.0,316.46600341796875,101343000.0,100522516.0,100932758.0,410242.0
137,328.05745044472104,70.27211,0.55810547,25.0,316.46600341796875,101343000.0,100522516.0,100932758.0,410242.0
138,1091.516325397881,140.41187,1.0800781,24.0,316.46600341796875,101343000.0,100522516.0,100932758.0,410242.0
139,971.4375950242476,140.41187,1.0800781,24.0,316.46600341796875,101343000.0,100522516.0,100932758.0,410242.0
140,1777.6191954109393,200.71849,1.6533203,22.0,316.46600341796875,101343000.0,100522516.0,100932758.0,410242.0
141,308.70622310795574,149.09708,0.011007309,32.0,316.46600341796875,101343000.0,100522516.0,100932758.0,410242.0
142,1332.9103522446474,60.01922,0.74768066,13.0,316.46600341796875,101343000.0,100522516.0,100932758.0,410242.0
143,1262.6527017243627,137.49487,0.70666504,38.0,316.46600341796875,101343000.0,100522516.0,100932758.0,410242.0
144,1001.2302984798588,137.49487,0.70666504,38.0,316.46600341796875,101343000.0,100522516.0,100932758.0,410242.0
145,1172.2488138854744,137.49487,0.70666504,38.0,316.46600341796875,101343000.0,100522516.0,100932758.0,410242.0
146,1163.7587328620457,148.28922,0.3616333,30.0,316.46600341796875,101343000.0,100522516.0,100932758.0,410242.0
147,938.3461836052752,148.28922,0.3616333,30.0,316.46600341796875,101343000.0,100522516.0,100932758.0,410242.0
148,303.9786032217158,119.71546,0.10687256,30.0,316.46600341796875,101343000.0,100522516.0,100932758.0,410242.0
149,780.5635519848058,119.71546,0.10687256,30.0,316.46600341796875,101343000.0,100522516.0,100932758.0,410242.0
150,1161.1523450942932,102.444115,1.2602539,33.0,316.46600341796875,101343000.0,100522516.0,100932758.0,410242.0
151,803.0242285020377,102.444115,1.2602539,33.0,316.46600341796875,101343000.0,100522516.0,100932758.0,410242.0
152,598.2358247947336,83.60341,0.5812988,27.0,316.46600341796875,101343000.0,100522516.0,100932758.0,410242.0
153,1238.3137604464564,91.69469,0.6185303,13.0,316.46600341796875,101343000.0,100522516.0,100932758.0,410242.0
154,1060.0814589898437,100.15793,0.64501953,18.0,316.46600341796875,101343000.0,100522516.0,100932758.0,410242.0
155,1180.9102169853709,100.15793,0.64501953,18.0,316.46600341796875,101343000.0,100522516.0,100932758.0,410242.0
156,1235.9559213695911,158.54755,0.2845459,25.0,316.46600341796875,101343000.0,100522516.0,100932758.0,410242.0
157,1029.461155912223,158.54755,0.2845459,25.0,316.46600341796875,101343000.0,100522516.0,100932758.0,410242.0
158,1313.0714139016268,203.46973,1.8994141,25.0,316.46600341796875,101343000.0,100522516.0,100932758.0,410242.0
159,1018.45986981329,91.853455,1.6960449,28.0,316.46600341796875,101343000.0,100522516.0,100932758.0,410242.0
160,866.3878668677228,91.853455,1.6960449,28.0,316.46600341796875,101343000.0,100522516.0,100932758.0,410242.0
161,1781.759235580941,226.04944,0.744751,25.0,316.46600341796875,101343000.0,100522516.0,100932758.0,410242.0
162,879.4113414599707,226.04944,0.744751,25.0,316.46600341796875,101343000.0,100522516.0,100932758.0,410242.0
163,406.3590674734561,95.50333,0.6954346,10.0,316.46600341796875,101343000.0,100522516.0,100932758.0,410242.0
164,369.82532018191193,95.50333,0.6954346,10.0,316.46600341796875,101343000.0,100522516.0,100932758.0,410242.0
165,658.8871171195578,95.566574,1.1992188,19.0,316.46600341796875,101343000.0,100522516.0,100932758.0,410242.0
166,1264.6225758558653,84.75827,1.595459,32.0,316.46600341796875,101343000.0,100522516.0,100932758.0,410242.0
167,1132.0884577100348,84.75827,1.595459,32.0,316.46600341796875,101343000.0,100522516.0,100932758.0,410242.0
168,1060.8132099909428,84.75827,1.595459,32.0,316.46600341796875,101343000.0,100522516.0,100932758.0,410242.0
169,830.4431575012644,181.82457,0.23214722,29.0,316.46600341796875,101343000.0,100522516.0,100932758.0,410242.0
170,1544.0747831575825,181.82457,0.23214722,29.0,316.46600341796875,101343000.0,100522516.0,100932758.0,410242.0
171,1740.562680123685,246.38626,0.34924316,24.0,316.46600341796875,101343000.0,100522516.0,100932758.0,410242.0
172,1282.6805234876492,246.38626,0.34924316,24.0,316.46600341796875,101343000.0,100522516.0,100932758.0,410242.0
173,1379.4151448871128,97.49317,0.46185303,29.0,316.46600341796875,101343000.0,100522516.0,100932758.0,410242.0
174,582.8159010517671,97.49317,0.46185303,29.0,316.46600341796875,101343000.0,100522516.0,100932758.0,410242.0
175,1817.466275504008,167.0031,0.60717773,18.0,316.46600341796875,101343000.0,100522516.0,100932758.0,410242.0
176,539.005121256404,265.53067,0.87646484,25.0,316.46600341796875,101343000.0,100522516.0,100932758.0,410242.0
177,852.9661438699079,120.89165,0.1786499,12.0,316.46600341796875,101343000.0,100522516.0,100932758.0,410242.0
178,1438.528169194904,79.867874,2.2802734,42.0,316.46600341796875,101343000.0,100522516.0,100932758.0,410242.0
179,892.9150032266258,79.867874,2.2802734,42.0,316.46600341796875,101343000.0,100522516.0,100932758.0,410242.0
180,423.0389929675024,137.268,0.31488037,30.0,316.46600341796875,101343000.0,100522516.0,100932758.0,410242.0
181,377.0406505057664,137.268,0.31488037,30.0,316.46600341796875,101343000.0,100522516.0,100932758.0,410242.0
182,475.7097379499763,137.268,0.31488037,30.0,316.46600341796875,101343000.0,100522516.0,100932758.0,410242.0
183,380.3970124059289,188.74773,0.03340149,30.0,316.46600341796875,101343000.0,100522516.0,100932758.0,410242.0
184,1099.391324252648,102.4162,1.6569824,9.0,316.46600341796875,101343000.0,100522516.0,100932758.0,410242.0
185,1144.342859009562,102.4162,1.6569824,9.0,316.46600341796875,101343000.0,100522516.0,100932758.0,410242.0
186,923.9423478195272,102.4162,1.6569824,9.0,316.46600341796875,101343000.0,100522516.0,100932758.0,410242.0
187,1441.682134548099,178.64145,1.5620117,19.0,316.46600341796875,101343000.0,100522516.0,100932758.0,410242.0
188,972.0985020505698,197.40587,0.3036499,24.0,316.46600341796875,101343000.0,100522516.0,100932758.0,410242.0
189,943.736885063991,140.01993,2.0957031,19.0,316.46600341796875,101343000.0,100522516.0,100932758.0,410242.0
190,1015.6080636920284,140.01993,2.0957031,19.0,316.46600341796875,101343000.0,100522516.0,100932758.0,410242.0
191,935.3364111531598,88.05694,1.470459,23.0,316.46600341796875,101343000.0,100522516.0,100932758.0,410242.0
192,1163.467716623173,144.29395,0.09655762,30.0,316.46600341796875,101343000.0,100522516.0,100932758.0,410242.0
193,1075.6559919152166,144.29395,0.09655762,30.0,316.46600341796875,101343000.0,100522516.0,100932758.0,410242.0
194,549.163768155012,150.975,0.22625732,32.0,316.46600341796875,101343000.0,100522516.0,100932758.0,410242.0
195,1248.976721722707,176.96773,1.1166992,27.0,316.46600341796875,101343000.0,100522516.0,100932758.0,410242.0
196,1281.942005906542,149.6499,0.6489258,29.0,316.46600341796875,101343000.0,100522516.0,100932758.0,410242.0
197,1274.036163103447,149.6499,0.6489258,29.0,316.46600341796875,101343000.0,100522516.0,100932758.0,410242.0
198,1098.644259601367,149.6499,0.6489258,29.0,316.46600341796875,101343000.0,100522516.0,100932758.0,410242.0
199,1477.2734969660503,209.12065,1.5402832,25.0,316.46600341796875,101343000.0,100522516.0,100932758.0,410242.0
200,1172.1496407580917,209.12065,1.5402832,25.0,316.46600341796875,101343000.0,100522516.0,100932758.0,410242.0
201,1100.3232310855276,209.12065,1.5402832,25.0,316.46600341796875,101343000.0,100522516.0,100932758.0,410242.0
202,545.5461556195467,141.55244,0.58862305,20.0,316.46600341796875,101343000.0,100522516.0,100932758.0,410242.0
203,1078.091025923325,141.55244,0.58862305,20.0,316.46600341796875,101343000.0,100522516.0,100932758.0,410242.0
204,457.4817566382682,141.55244,0.58862305,20.0,316.46600341796875,101343000.0,100522516.0,100932758.0,410242.0
205,549.5102154432939,141.55244,0.58862305,20.0,316.46600341796875,101343000.0,100522516.0,100932758.0,410242.0
206,989.3604944000456,109.95503,0.88427734,19.0,316.46600341796875,101343000.0,100522516.0,100932758.0,410242.0
207,579.8071261774554,84.90828,0.32373047,27.0,316.46600341796875,101343000.0,100522516.0,100932758.0,410242.0
208,431.02682831039806,133.78369,0.4465332,19.0,316.46600341796875,101343000.0,100522516.0,100932758.0,410242.0
209,612.4451030497853,149.40016,0.76330566,34.0,316.46600341796875,101343000.0,100522516.0,100932758.0,410242.0
210,683.3170329081061,149.40016,0.76330566,34.0,316.46600341796875,101343000.0,100522516.0,100932758.0,410242.0
211,772.3750968595956,90.84389,0.87524414,29.0,316.46600341796875,101343000.0,100522516.0,100932758.0,410242.0
212,1238.3537291708735,111.93533,0.7437744,21.0,316.46600341796875,101343000.0,100522516.0,100932758.0,410242.0
213,1122.4504392294507,69.56667,2.2294922,23.0,316.46600341796875,101343000.0,100522516.0,100932758.0,410242.0
214,1499.9469560176992,82.64072,0.63012695,19.0,316.46600341796875,101343000.0,100522516.0,100932758.0,410242.0
215,778.9966088621228,82.64072,0.63012695,19.0,316.46600341796875,101343000.0,100522516.0,100932758.0,410242.0
216,316.29566424405186,206.89824,0.29742432,31.0,316.46600341796875,101343000.0,100522516.0,100932758.0,410242.0
217,1014.7541416651408,105.75065,0.1921997,14.0,316.46600341796875,101343000.0,100522516.0,100932758.0,410242.0
218,818.5723005022709,105.75065,0.1921997,14.0,316.46600341796875,101343000.0,100522516.0,100932758.0,410242.0
219,1444.843916931438,103.33735,0.5131836,14.0,316.46600341796875,101343000.0,100522516.0,100932758.0,410242.0
220,637.9489366331484,81.90113,0.3814087,39.0,316.46600341796875,101343000.0,100522516.0,100932758.0,410242.0
221,714.1345060803327,81.90113,0.3814087,39.0,316.46600341796875,101343000.0,100522516.0,100932758.0,410242.0
222,1225.4714429455237,124.03346,1.5144043,23.0,316.46600341796875,101343000.0,100522516.0,100932758.0,410242.0
223,1493.5031465638392,124.03346,1.5144043,23.0,316.46600341796875,101343000.0,100522516.0,100932758.0,410242.0
224,420.4747873336603,59.989983,1.0825195,22.0,316.46600341796875,101343000.0,100522516.0,100932758.0,410242.0
225,1195.578999652299,283.7865,0.3739624,17.0,316.46600341796875,101343000.0,100522516.0,100932758.0,410242.0
226,1147.839962119244,283.7865,0.3739624,17.0,316.46600341796875,101343000.0,100522516.0,100932758.0,410242.0
227,1075.6087189352522,128.54501,1.5771484,20.0,316.46600341796875,101343000.0,100522516.0,100932758.0,410242.0
228,1013.117759230876,128.54501,1.5771484,20.0,316.46600341796875,101343000.0,100522516.0,100932758.0,410242.0
229,1266.5617676798693,124.311104,0.446167,32.0,316.46600341796875,101343000.0,100522516.0,100932758.0,410242.0
230,945.342657542192,124.311104,0.446167,32.0,316.46600341796875,101343000.0,100522516.0,100932758.0,410242.0
231,901.4358895278708,124.311104,0.446167,32.0,316.46600341796875,101343000.0,100522516.0,100932758.0,410242.0
232,960.2892471203904,84.44077,0.26275635,23.0,316.46600341796875,101343000.0,100522516.0,100932758.0,410242.0
233,659.4308192739288,72.28693,0.6308594,15.0,316.46600341796875,101343000.0,100522516.0,100932758.0,410242.0
234,1927.7582605124524,204.27544,1.2429199,29.0,316.46600341796875,101343000.0,100522516.0,100932758.0,410242.0
235,2022.4589399621384,204.27544,1.2429199,29.0,316.46600341796875,101343000.0,100522516.0,100932758.0,410242.0
236,1488.768199618884,204.27544,1.2429199,29.0,316.46600341796875,101343000.0,100522516.0,100932758.0,410242.0
237,1681.0747747715602,150.53618,1.0891113,32.0,316.46600341796875,101343000.0,100522516.0,100932758.0,410242.0
238,543.2684942148583,106.96139,1.3366699,28.0,316.46600341796875,101343000.0,100522516.0,100932758.0,410242.0
239,572.9665049701274,106.96139,1.3366699,28.0,316.46600341796875,101343000.0,100522516.0,100932758.0,410242.0
240,437.7554225341257,106.91908,0.17800903,25.0,316.46600341796875,101343000.0,100522516.0,100932758.0,410242.0
241,790.587879316804,106.91908,0.17800903,25.0,316.46600341796875,101343000.0,100522516.0,100932758.0,410242.0
242,1702.2552810171808,325.04434,0.5899658,16.0,316.46600341796875,101343000.0,100522516.0,100932758.0,410242.0
243,599.8637364778427,196.09941,1.3037109,19.0,316.46600341796875,101343000.0,100522516.0,100932758.0,410242.0
244,839.9757020888801,119.58826,1.6005859,31.0,316.46600341796875,101343000.0,100522516.0,100932758.0,410242.0
245,1098.560129687586,119.58826,1.6005859,31.0,316.46600341796875,101343000.0,100522516.0,100932758.0,410242.0
246,743.7308198730672,119.58826,1.6005859,31.0,316.46600341796875,101343000.0,100522516.0,100932758.0,410242.0
247,448.96074444238207,249.13167,0.89868164,18.0,316.46600341796875,101343000.0,100522516.0,100932758.0,410242.0
248,555.3269170297086,249.13167,0.89868164,18.0,316.46600341796875,101343000.0,100522516.0,100932758.0,410242.0
249,1053.0673158179516,227.32874,1.1726074,28.0,-316.46600341796875,101343000.0,100522516.0,100932758.0,410242.0
250,2020.0933140999668,463.36716,0.6097412,23.0,316.46600341796875,101343000.0,100522516.0,100932758.0,410242.0
251,1722.2615230039314,463.36716,0.6097412,23.0,316.46600341796875,101343000.0,100522516.0,100932758.0,410242.0
252,2441.234620736597,263.76727,0.7504883,32.0,316.46600341796875,101343000.0,100522516.0,100932758.0,410242.0
253,1231.768748462342,144.56015,0.05983734,18.0,316.46600341796875,101343000.0,100522516.0,100932758.0,410242.0
254,1057.723468125313,144.56015,0.05983734,18.0,316.46600341796875,101343000.0,100522516.0,100932758.0,410242.0
255,666.854321449693,71.82635,1.3930664,29.0,316.46600341796875,101343000.0,100522516.0,100932758.0,410242.0
256,1026.0630984447455,67.5352,1.9123535,37.0,316.46600341796875,101343000.0,100522516.0,100932758.0,410242.0
257,1522.8569327257455,206.5809,1.8886719,30.0,316.46600341796875,101343000.0,100522516.0,100932758.0,410242.0
258,1055.4469018666782,206.5809,1.8886719,30.0,316.46600341796875,101343000.0,100522516.0,100932758.0,410242.0
259,1246.739421136061,60.283993,1.8757324,26.0,316.46600341796875,101343000.0,100522516.0,100932758.0,410242.0
260,1703.7946686751336,175.42163,1.3227539,18.0,316.46600341796875,101343000.0,100522516.0,100932758.0,410242.0
261,1676.756097615033,390.1656,0.108932495,13.0,316.46600341796875,101343000.0,100522516.0,100932758.0,410242.0
262,1400.700974496565,203.88145,0.64660645,21.0,316.46600341796875,101343000.0,100522516.0,100932758.0,410242.0
263,1216.292346219734,203.88145,0.64660645,21.0,316.46600341796875,101343000.0,100522516.0,100932758.0,410242.0
264,1282.086804704542,186.68382,0.57922363,20.0,316.46600341796875,101343000.0,100522516.0,100932758.0,410242.0
265,1405.2579481865528,75.74955,1.2531738,14.0,316.46600341796875,101343000.0,100522516.0,100932758.0,410242.0
266,383.3071381636209,75.74955,1.2531738,14.0,316.46600341796875,101343000.0,100522516.0,100932758.0,410242.0
267,596.0244860659964,164.25473,0.33050537,14.0,316.46600341796875,101343000.0,100522516.0,100932758.0,410242.0
268,930.1737091846268,164.25473,0.33050537,14.0,316.46600341796875,101343000.0,100522516.0,100932758.0,410242.0
269,633.0582026322223,288.5715,0.5378418,29.0,316.46600341796875,101343000.0,100522516.0,100932758.0,410242.0
270,620.970376645386,288.5715,0.5378418,29.0,316.46600341796875,101343000.0,100522516.0,100932758.0,410242.0
271,858.8883499012308,57.628002,0.17303467,29.0,316.46600341796875,101343000.0,100522516.0,100932758.0,410242.0
272,809.8398383205612,57.628002,0.17303467,29.0,316.46600341796875,101343000.0,100522516.0,100932758.0,410242.0
273,595.6340073309598,202.27518,1.3486328,24.0,316.46600341796875,101343000.0,100522516.0,100932758.0,410242.0
274,769.9611793746516,112.86859,1.3144531,19.0,316.46600341796875,101343000.0,100522516.0,100932758.0,410242.0
275,1071.661094483641,112.86859,1.3144531,19.0,316.46600341796875,101343000.0,100522516.0,100932758.0,410242.0
276,856.6944035029888,112.86859,1.3144531,19.0,316.46600341796875,101343000.0,100522516.0,100932758.0,410242.0
277,1117.558612208657,232.58951,0.7348633,16.0,316.46600341796875,101343000.0,100522516.0,100932758.0,410242.0
278,1057.1695595337187,232.58951,0.7348633,16.0,316.46600341796875,101343000.0,100522516.0,100932758.0,410242.0
279,1141.5108315816158,232.58951,0.7348633,16.0,316.46600341796875,101343000.0,100522516.0,100932758.0,410242.0
280,1726.5665061098257,312.86606,0.059677124,28.0,316.46600341796875,101343000.0,100522516.0,100932758.0,410242.0
281,1293.0167188664605,112.90832,0.56481934,20.0,316.46600341796875,101343000.0,100522516.0,100932758.0,410242.0
282,340.30502978165873,112.90832,0.56481934,20.0,316.46600341796875,101343000.0,100522516.0,100932758.0,410242.0
283,440.937125964746,112.90832,0.56481934,20.0,316.46600341796875,101343000.0,100522516.0,100932758.0,410242.0
284,840.7020519514977,111.2047,0.7305908,18.0,316.46600341796875,101343000.0,100522516.0,100932758.0,410242.0
285,749.7676728578917,111.2047,0.7305908,18.0,316.46600341796875,101343000.0,100522516.0,100932758.0,410242.0
286,797.2756830956224,111.2047,0.7305908,18.0,316.46600341796875,101343000.0,100522516.0,100932758.0,410242.0
287,1149.3701692837406,163.44214,1.3486328,9.0,316.46600341796875,101343000.0,100522516.0,100932758.0,410242.0
288,848.4917886185915,95.24177,1.3110352,28.0,316.46600341796875,101343000.0,100522516.0,100932758.0,410242.0
289,985.0018732855816,94.34925,0.70007324,26.0,316.46600341796875,101343000.0,100522516.0,100932758.0,410242.0
290,937.3433861083388,94.34925,0.70007324,26.0,316.46600341796875,101343000.0,100522516.0,100932758.0,410242.0
291,1188.1704757362602,140.08836,1.4509277,18.0,316.46600341796875,101343000.0,100522516.0,100932758.0,410242.0
292,1025.700854241573,140.08836,1.4509277,18.0,316.46600341796875,101343000.0,100522516.0,100932758.0,410242.0
293,240.4855738502648,100.30775,0.3670044,30.0,316.46600341796875,101343000.0,100522516.0,100932758.0,410242.0
294,1439.9740413339532,102.80023,1.1069336,20.0,316.46600341796875,101343000.0,100522516.0,100932758.0,410242.0
295,1254.1556099235388,213.43166,0.5632324,14.0,316.46600341796875,101343000.0,100522516.0,100932758.0,410242.0
296,1037.312784300092,213.43166,0.5632324,14.0,316.46600341796875,101343000.0,100522516.0,100932758.0,410242.0
297,1334.2765510836011,96.55926,0.3241577,19.0,316.46600341796875,101343000.0,100522516.0,100932758.0,410242.0
298,580.9185198364527,69.23203,1.0546875,14.0,316.46600341796875,101343000.0,100522516.0,100932758.0,410242.0
299,1361.267465257921,96.53965,1.6052246,16.0,316.46600341796875,101343000.0,100522516.0,100932758.0,410242.0
300,1336.2001220199627,96.53965,1.6052246,16.0,316.46600341796875,101343000.0,100522516.0,100932758.0,410242.0
301,858.1091452559364,96.53965,1.6052246,16.0,316.46600341796875,101343000.0,100522516.0,100932758.0,410242.0
302,1162.1498121790037,141.8253,1.7236328,23.0,316.46600341796875,101343000.0,100522516.0,100932758.0,410242.0
303,1130.3480198603445,141.8253,1.7236328,23.0,316.46600341796875,101343000.0,100522516.0,100932758.0,410242.0
304,1388.246555783296,141.8253,1.7236328,23.0,316.46600341796875,101343000.0,100522516.0,100932758.0,410242.0
305,1766.6504390879854,133.18173,0.42156982,18.0,316.46600341796875,101343000.0,100522516.0,100932758.0,410242.0
306,501.6446995987429,133.18173,0.42156982,18.0,316.46600341796875,101343000.0,100522516.0,100932758.0,410242.0
307,425.05028541376737,133.18173,0.42156982,18.0,316.46600341796875,101343000.0,100522516.0,100932758.0,410242.0
308,512.3481383372691,133.18173,0.42156982,18.0,316.46600341796875,101343000.0,100522516.0,100932758.0,410242.0
309,462.8236129545252,92.62809,1.4897461,17.0,316.46600341796875,101343000.0,100522516.0,100932758.0,410242.0
310,603.7354324598423,92.62809,1.4897461,17.0,316.46600341796875,101343000.0,100522516.0,100932758.0,410242.0
311,1247.5157518797937,71.960686,0.69836426,20.0,316.46600341796875,101343000.0,100522516.0,100932758.0,410242.0
312,1280.977499965948,187.35489,0.4805298,20.0,316.46600341796875,101343000.0,100522516.0,100932758.0,410242.0
313,862.5289858002998,187.35489,0.4805298,20.0,316.46600341796875,101343000.0,100522516.0,100932758.0,410242.0
314,793.844383941243,93.055534,2.0405273,21.0,316.46600341796875,101343000.0,100522516.0,100932758.0,410242.0
315,772.6661811272119,93.055534,2.0405273,21.0,316.46600341796875,101343000.0,100522516.0,100932758.0,410242.0
316,1189.7722073918264,104.20449,0.828125,21.0,316.46600341796875,101343000.0,100522516.0,100932758.0,410242.0
317,835.6062908952235,98.10103,0.49536133,13.0,316.46600341796875,101343000.0,100522516.0,100932758.0,410242.0
318,879.642663643618,121.16303,0.7675781,25.0,316.46600341796875,101343000.0,100522516.0,100932758.0,410242.0
319,982.5182205589256,121.16303,0.7675781,25.0,316.46600341796875,101343000.0,100522516.0,100932758.0,410242.0
320,666.2420460244805,140.81915,1.4008789,30.0,316.46600341796875,101343000.0,100522516.0,100932758.0,410242.0
321,557.2664800941576,140.81915,1.4008789,30.0,316.46600341796875,101343000.0,100522516.0,100932758.0,410242.0
322,569.2240445891262,140.81915,1.4008789,30.0,316.46600341796875,101343000.0,100522516.0,100932758.0,410242.0
323,1975.4474286462157,138.90845,0.7213135,22.0,316.46600341796875,101343000.0,100522516.0,100932758.0,410242.0
324,1501.877452942981,138.90845,0.7213135,22.0,316.46600341796875,101343000.0,100522516.0,100932758.0,410242.0
325,563.1120172360698,270.70755,0.835083,13.0,316.46600341796875,101343000.0,100522516.0,100932758.0,410242.0
326,1592.7567556995584,270.70755,0.835083,13.0,316.46600341796875,101343000.0,100522516.0,100932758.0,410242.0
327,679.9168758668278,270.70755,0.835083,13.0,316.46600341796875,101343000.0,100522516.0,100932758.0,410242.0
328,467.378608293824,270.70755,0.835083,13.0,316.46600341796875,101343000.0,100522516.0,100932758.0,410242.0
329,1240.041479554308,188.71176,0.6485596,23.0,316.46600341796875,101343000.0,100522516.0,100932758.0,410242.0
330,1037.5396299621764,188.71176,0.6485596,23.0,316.46600341796875,101343000.0,100522516.0,100932758.0,410242.0
331,1788.389640106731,62.692627,1.8776855,24.0,316.46600341796875,101343000.0,100522516.0,100932758.0,410242.0
332,933.0030911751812,62.692627,1.8776855,24.0,316.46600341796875,101343000.0,100522516.0,100932758.0,410242.0
333,1466.2337719817028,161.35435,2.1020508,18.0,316.46600341796875,101343000.0,100522516.0,100932758.0,410242.0
334,935.4916233775956,125.59699,1.3552246,27.0,316.46600341796875,101343000.0,100522516.0,100932758.0,410242.0
335,999.2965434139276,125.59699,1.3552246,27.0,316.46600341796875,101343000.0,100522516.0,100932758.0,410242.0
336,564.86611926175,191.74701,1.828125,19.0,316.46600341796875,101343000.0,100522516.0,100932758.0,410242.0
337,399.81664190289473,58.842297,0.94189453,16.0,316.46600341796875,101343000.0,100522516.0,100932758.0,410242.0
338,447.5615182129832,101.86856,0.100479126,25.0,316.46600341796875,101343000.0,100522516.0,100932758.0,410242.0
339,1154.5081917874552,155.67972,1.1054688,20.0,316.46600341796875,101343000.0,100522516.0,100932758.0,410242.0
340,478.1138961001598,120.75805,0.044311523,15.0,316.46600341796875,101343000.0,100522516.0,100932758.0,410242.0
341,407.0817279163627,120.75805,0.044311523,15.0,316.46600341796875,101343000.0,100522516.0,100932758.0,410242.0
342,677.1491568371539,92.83551,0.84594727,23.0,316.46600341796875,101343000.0,100522516.0,100932758.0,410242.0
343,423.7954302679152,147.70619,0.9851074,27.0,-316.46600341796875,101343000.0,100522516.0,100932758.0,410242.0
344,1068.164528679186,186.78894,0.6022949,39.0,316.46600341796875,101343000.0,100522516.0,100932758.0,410242.0
345,2437.8415341471937,140.6119,0.82177734,23.0,316.46600341796875,101343000.0,100522516.0,100932758.0,410242.0
346,970.4349317700222,140.6119,0.82177734,23.0,316.46600341796875,101343000.0,100522516.0,100932758.0,410242.0
347,1207.8187475588977,58.467285,1.6750488,27.0,316.46600341796875,101343000.0,100522516.0,100932758.0,410242.0
348,351.81116258287466,170.9326,0.42474365,20.0,316.46600341796875,101343000.0,100522516.0,100932758.0,410242.0
349,641.9054667033731,170.9326,0.42474365,20.0,316.46600341796875,101343000.0,100522516.0,100932758.0,410242.0
350,866.8519861446426,182.84454,0.3071289,20.0,316.46600341796875,101343000.0,100522516.0,100932758.0,410242.0
351,1162.8786810757908,92.62192,1.666748,36.0,316.46600341796875,101343000.0,100522516.0,100932758.0,410242.0
352,872.3105200883374,92.62192,1.666748,36.0,316.46600341796875,101343000.0,100522516.0,100932758.0,410242.0
353,543.6765196857705,187.0576,1.2456055,18.0,316.46600341796875,101343000.0,100522516.0,100932758.0,410242.0
354,1108.4784477584064,246.44164,0.37683105,28.0,316.46600341796875,101343000.0,100522516.0,100932758.0,410242.0
355,1209.3670171397682,174.2278,0.6536865,23.0,316.46600341796875,101343000.0,100522516.0,100932758.0,410242.0
356,1154.6362580896896,136.03491,0.3831787,33.0,316.46600341796875,101343000.0,100522516.0,100932758.0,410242.0
357,582.6629068850252,136.03491,0.3831787,33.0,316.46600341796875,101343000.0,100522516.0,100932758.0,410242.0
358,1090.0684834317924,125.05778,0.3892212,25.0,316.46600341796875,101343000.0,100522516.0,100932758.0,410242.0
359,811.3372764632358,125.05778,0.3892212,25.0,316.46600341796875,101343000.0,100522516.0,100932758.0,410242.0
360,771.4775240326795,125.05778,0.3892212,25.0,316.46600341796875,101343000.0,100522516.0,100932758.0,410242.0
361,718.2101098919692,125.05778,0.3892212,25.0,316.46600341796875,101343000.0,100522516.0,100932758.0,410242.0
362,1035.1611723064298,211.2905,0.5772705,16.0,316.46600341796875,101343000.0,100522516.0,100932758.0,410242.0
363,384.06768511353386,171.88754,0.9625244,15.0,316.46600341796875,101343000.0,100522516.0,100932758.0,410242.0
364,520.3396617279336,171.88754,0.9625244,15.0,316.46600341796875,101343000.0,100522516.0,100932758.0,410242.0
365,728.9307539081107,85.99547,1.2529297,26.0,316.46600341796875,101343000.0,100522516.0,100932758.0,410242.0
366,727.7870603255707,85.99547,1.2529297,26.0,316.46600341796875,101343000.0,100522516.0,100932758.0,410242.0
367,696.949941042528,85.99547,1.2529297,26.0,316.46600341796875,101343000.0,100522516.0,100932758.0,410242.0
368,674.271226223761,85.99547,1.2529297,26.0,316.46600341796875,101343000.0,100522516.0,100932758.0,410242.0
369,986.3269175183846,109.82907,2.3671875,25.0,316.46600341796875,101343000.0,100522516.0,100932758.0,410242.0
370,998.646667036275,109.82907,2.3671875,25.0,316.46600341796875,101343000.0,100522516.0,100932758.0,410242.0
371,1191.2519827391022,61.67401,1.7922363,38.0,316.46600341796875,101343000.0,100522516.0,100932758.0,410242.0
372,1353.1781368103716,61.67401,1.7922363,38.0,316.46600341796875,101343000.0,100522516.0,100932758.0,410242.0
373,1226.6945665347914,61.67401,1.7922363,38.0,316.46600341796875,101343000.0,100522516.0,100932758.0,410242.0
374,1174.5666805780495,61.67401,1.7922363,38.0,316.46600341796875,101343000.0,100522516.0,100932758.0,410242.0
375,1036.477505204115,137.37834,1.6184082,16.0,316.46600341796875,101343000.0,100522516.0,100932758.0,410242.0
376,876.8874989585503,137.37834,1.6184082,16.0,316.46600341796875,101343000.0,100522516.0,100932758.0,410242.0
377,1164.0999141965267,225.1489,1.2382812,26.0,316.46600341796875,101343000.0,100522516.0,100932758.0,410242.0
378,681.9829638861248,61.438953,2.0742188,21.0,316.46600341796875,101343000.0,100522516.0,100932758.0,410242.0
379,510.7827590218274,87.254,0.2944336,19.0,316.46600341796875,101343000.0,100522516.0,100932758.0,410242.0
380,471.19284782067024,87.254,0.2944336,19.0,316.46600341796875,101343000.0,100522516.0,100932758.0,410242.0
381,1944.1880068191824,162.7895,1.126709,29.0,316.46600341796875,101343000.0,100522516.0,100932758.0,410242.0
382,913.725459315318,114.12318,1.7458496,30.0,316.46600341796875,101343000.0,100522516.0,100932758.0,410242.0
383,824.2305829836125,114.12318,1.7458496,30.0,316.46600341796875,101343000.0,100522516.0,100932758.0,410242.0
384,1096.3760991169272,120.56166,0.73535156,21.0,316.46600341796875,101343000.0,100522516.0,100932758.0,410242.0
385,993.002704677257,143.97581,0.74890137,26.0,316.46600341796875,101343000.0,100522516.0,100932758.0,410242.0
386,820.6458115904898,143.97581,0.74890137,26.0,316.46600341796875,101343000.0,100522516.0,100932758.0,410242.0
387,1185.4889523247405,135.36882,0.39575195,20.0,316.46600341796875,101343000.0,100522516.0,100932758.0,410242.0
388,847.2435818462315,135.36882,0.39575195,20.0,316.46600341796875,101343000.0,100522516.0,100932758.0,410242.0
389,1446.6118621825142,182.81879,0.5473633,18.0,316.46600341796875,101343000.0,100522516.0,100932758.0,410242.0
390,361.9063385276778,182.81879,0.5473633,18.0,316.46600341796875,101343000.0,100522516.0,100932758.0,410242.0
391,357.5156995897946,182.81879,0.5473633,18.0,316.46600341796875,101343000.0,100522516.0,100932758.0,410242.0
392,1030.7012419962657,132.89293,0.9926758,10.0,316.46600341796875,101343000.0,100522516.0,100932758.0,410242.0
393,673.0226824202979,304.64447,0.7961426,26.0,-316.46600341796875,101343000.0,100522516.0,100932758.0,410242.0
394,412.8779638850759,98.127525,0.014240265,20.0,316.46600341796875,101343000.0,100522516.0,100932758.0,410242.0
395,592.0078393917569,172.71335,1.2426758,10.0,316.46600341796875,101343000.0,100522516.0,100932758.0,410242.0
396,602.1367116991178,172.71335,1.2426758,10.0,316.46600341796875,101343000.0,100522516.0,100932758.0,410242.0
397,1048.5265595685785,81.91919,1.767334,17.0,316.46600341796875,101343000.0,100522516.0,100932758.0,410242.0
398,663.0110262506497,131.70053,1.2814941,25.0,316.46600341796875,101343000.0,100522516.0,100932758.0,410242.0
399,654.4828579029657,131.70053,1.2814941,25.0,316.46600341796875,101343000.0,100522516.0,100932758.0,410242.0
400,678.2329974614847,131.70053,1.2814941,25.0,316.46600341796875,101343000.0,100522516.0,100932758.0,410242.0
401,1401.653428672776,240.09534,0.49206543,24.0,316.46600341796875,101343000.0,100522516.0,100932758.0,410242.0
402,1183.1585451275962,240.09534,0.49206543,24.0,316.46600341796875,101343000.0,100522516.0,100932758.0,410242.0
403,1251.2349438811189,170.16435,1.1054688,28.0,316.46600341796875,101343000.0,100522516.0,100932758.0,410242.0
404,857.2165464335969,170.16435,1.1054688,28.0,316.46600341796875,101343000.0,100522516.0,100932758.0,410242.0
405,592.8727670647284,196.09517,0.5809326,17.0,316.46600341796875,101343000.0,100522516.0,100932758.0,410242.0
406,510.25776550199504,252.98335,0.5175781,22.0,316.46600341796875,101343000.0,100522516.0,100932758.0,410242.0
407,549.6615966896424,159.50827,1.2434082,29.0,316.46600341796875,101343000.0,100522516.0,100932758.0,410242.0
408,500.7706384823387,159.50827,1.2434082,29.0,316.46600341796875,101343000.0,100522516.0,100932758.0,410242.0
409,1222.1595981343091,103.96793,0.38085938,25.0,316.46600341796875,101343000.0,100522516.0,100932758.0,410242.0
410,1105.759885764085,103.96793,0.38085938,25.0,316.46600341796875,101343000.0,100522516.0,100932758.0,410242.0
411,739.0065932525866,98.72312,0.3909912,21.0,316.46600341796875,101343000.0,100522516.0,100932758.0,410242.0
412,587.9196805515601,98.72312,0.3909912,21.0,316.46600341796875,101343000.0,100522516.0,100932758.0,410242.0
413,700.3062383013763,98.72312,0.3909912,21.0,316.46600341796875,101343000.0,100522516.0,100932758.0,410242.0
414,1441.5209984630396,105.54159,0.73669434,17.0,316.46600341796875,101343000.0,100522516.0,100932758.0,410242.0
415,874.5842391536719,105.54159,0.73669434,17.0,316.46600341796875,101343000.0,100522516.0,100932758.0,410242.0
416,580.6144277692787,82.56324,0.37908936,17.0,316.46600341796875,101343000.0,100522516.0,100932758.0,410242.0
417,799.0264159786835,82.56324,0.37908936,17.0,316.46600341796875,101343000.0,100522516.0,100932758.0,410242.0
418,448.9180521330554,168.47322,0.94836426,42.0,316.46600341796875,101343000.0,100522516.0,100932758.0,410242.0
419,1094.7735427681705,168.47322,0.94836426,42.0,316.46600341796875,101343000.0,100522516.0,100932758.0,410242.0
420,2030.3289843789037,312.79025,1.4458008,20.0,316.46600341796875,101343000.0,100522516.0,100932758.0,410242.0
421,736.3799343480273,312.79025,1.4458008,20.0,316.46600341796875,101343000.0,100522516.0,100932758.0,410242.0
422,641.371914834306,81.994026,0.2333374,21.0,316.46600341796875,101343000.0,100522516.0,100932758.0,410242.0
423,369.774037488214,166.45694,0.8092041,20.0,316.46600341796875,101343000.0,100522516.0,100932758.0,410242.0
424,786.2406116926343,166.45694,0.8092041,20.0,316.46600341796875,101343000.0,100522516.0,100932758.0,410242.0
425,1442.8840868374837,177.42546,1.1508789,18.0,316.46600341796875,101343000.0,100522516.0,100932758.0,410242.0
426,1361.1739990349956,238.69102,0.4621582,23.0,316.46600341796875,101343000.0,100522516.0,100932758.0,410242.0
427,1093.372177675186,238.69102,0.4621582,23.0,316.46600341796875,101343000.0,100522516.0,100932758.0,410242.0
428,1145.0760450961038,154.12263,1.1574707,16.0,316.46600341796875,101343000.0,100522516.0,100932758.0,410242.0
429,1057.9452811545789,76.24099,0.48657227,24.0,316.46600341796875,101343000.0,100522516.0,100932758.0,410242.0
430,1622.1640438098527,76.24099,0.48657227,24.0,316.46600341796875,101343000.0,100522516.0,100932758.0,410242.0
431,1193.255880597533,64.87185,1.6113281,19.0,316.46600341796875,101343000.0,100522516.0,100932758.0,410242.0
432,1179.944322802655,64.87185,1.6113281,19.0,316.46600341796875,101343000.0,100522516.0,100932758.0,410242.0
433,290.50608675612784,207.16708,0.16296387,20.0,316.46600341796875,101343000.0,100522516.0,100932758.0,410242.0
434,954.9259707245134,221.42285,0.8742676,24.0,316.46600341796875,101343000.0,100522516.0,100932758.0,410242.0
435,638.2392435111819,151.10004,0.560791,19.0,316.46600341796875,101343000.0,100522516.0,100932758.0,410242.0
436,1020.6081355574784,69.905396,0.7331543,16.0,316.46600341796875,101343000.0,100522516.0,100932758.0,410242.0
437,760.0553528311953,69.905396,0.7331543,16.0,316.46600341796875,101343000.0,100522516.0,100932758.0,410242.0
438,495.51449591107536,69.905396,0.7331543,16.0,316.46600341796875,101343000.0,100522516.0,100932758.0,410242.0
439,1268.1437572116397,126.9335,0.748291,31.0,316.46600341796875,101343000.0,100522516.0,100932758.0,410242.0
440,994.188157144392,136.78166,1.8615723,20.0,316.46600341796875,101343000.0,100522516.0,100932758.0,410242.0
441,1218.9011500843887,129.85107,0.039878845,36.0,316.46600341796875,101343000.0,100522516.0,100932758.0,410242.0
442,788.1899594429412,129.85107,0.039878845,36.0,316.46600341796875,101343000.0,100522516.0,100932758.0,410242.0
443,1556.4259929854102,92.03967,0.2482605,24.0,316.46600341796875,101343000.0,100522516.0,100932758.0,410242.0
444,418.181404639837,92.03967,0.2482605,24.0,316.46600341796875,101343000.0,100522516.0,100932758.0,410242.0
445,410.4022687267151,92.03967,0.2482605,24.0,316.46600341796875,101343000.0,100522516.0,100932758.0,410242.0
446,980.0273137086784,141.85777,0.9283447,15.0,316.46600341796875,101343000.0,100522516.0,100932758.0,410242.0
447,778.5650854376703,141.85777,0.9283447,15.0,316.46600341796875,101343000.0,100522516.0,100932758.0,410242.0
448,835.2633015804523,110.46049,0.11343384,23.0,316.46600341796875,101343000.0,100522516.0,100932758.0,410242.0
449,772.0746212783924,64.35764,1.6479492,29.0,316.46600341796875,101343000.0,100522516.0,100932758.0,410242.0
450,710.2089125639501,64.35764,1.6479492,29.0,316.46600341796875,101343000.0,100522516.0,100932758.0,410242.0
451,776.6854506918702,64.35764,1.6479492,29.0,316.46600341796875,101343000.0,100522516.0,100932758.0,410242.0
452,722.1390681655695,64.35764,1.6479492,29.0,316.46600341796875,101343000.0,100522516.0,100932758.0,410242.0
453,680.0829885896728,64.35764,1.6479492,29.0,316.46600341796875,101343000.0,100522516.0,100932758.0,410242.0
454,1317.631647580222,171.55885,0.19311523,40.0,316.46600341796875,101343000.0,100522516.0,100932758.0,410242.0
455,1154.396586157423,171.55885,0.19311523,40.0,316.46600341796875,101343000.0,100522516.0,100932758.0,410242.0
456,481.0544342961194,75.8188,1.3754883,31.0,316.46600341796875,101343000.0,100522516.0,100932758.0,410242.0
457,611.6979996106995,55.8949,0.06918335,27.0,316.46600341796875,101343000.0,100522516.0,100932758.0,410242.0
458,922.3273649391668,76.90575,1.3591309,20.0,316.46600341796875,101343000.0,100522516.0,100932758.0,410242.0
459,2061.1156202441166,204.17923,1.6682129,15.0,316.46600341796875,101343000.0,100522516.0,100932758.0,410242.0
460,1375.1105681483275,204.17923,1.6682129,15.0,316.46600341796875,101343000.0,100522516.0,100932758.0,410242.0
461,1312.489645496532,204.17923,1.6682129,15.0,316.46600341796875,101343000.0,100522516.0,100932758.0,410242.0
462,1225.855046989083,198.40448,0.06491089,39.0,316.46600341796875,101343000.0,100522516.0,100932758.0,410242.0
463,473.0342933347391,242.0327,0.58862305,26.0,316.46600341796875,101343000.0,100522516.0,100932758.0,410242.0
464,469.22695703743176,242.0327,0.58862305,26.0,316.46600341796875,101343000.0,100522516.0,100932758.0,410242.0
465,459.6645553743727,242.0327,0.58862305,26.0,316.46600341796875,101343000.0,100522516.0,100932758.0,410242.0
466,787.2384113449035,171.7379,0.49353027,21.0,316.46600341796875,101343000.0,100522516.0,100932758.0,410242.0
467,1179.0486190752076,113.93978,0.8833008,26.0,316.46600341796875,101343000.0,100522516.0,100932758.0,410242.0
468,338.0832313319073,142.59631,1.0219727,13.0,316.46600341796875,101343000.0,100522516.0,100932758.0,410242.0
469,458.3755510242156,142.59631,1.0219727,13.0,316.46600341796875,101343000.0,100522516.0,100932758.0,410242.0
470,907.3658081179152,142.82718,1.5061035,17.0,316.46600341796875,101343000.0,100522516.0,100932758.0,410242.0
471,651.7595942555788,142.82718,1.5061035,17.0,316.46600341796875,101343000.0,100522516.0,100932758.0,410242.0
472,1490.2337178772823,217.13535,1.8935547,18.0,316.46600341796875,101343000.0,100522516.0,100932758.0,410242.0
473,890.2962345047658,99.60886,0.23074341,19.0,316.46600341796875,101343000.0,100522516.0,100932758.0,410242.0
474,1485.0834585403136,333.83405,0.8736572,35.0,316.46600341796875,101343000.0,100522516.0,100932758.0,410242.0
475,519.4818657779585,136.35088,1.3525391,24.0,316.46600341796875,101343000.0,100522516.0,100932758.0,410242.0
476,1509.545983399298,61.134438,0.7727051,35.0,316.46600341796875,101343000.0,100522516.0,100932758.0,410242.0
477,497.2260755635274,196.14381,0.10939026,27.0,316.46600341796875,101343000.0,100522516.0,100932758.0,410242.0
478,374.3732129167334,73.94656,0.76342773,32.0,316.46600341796875,101343000.0,100522516.0,100932758.0,410242.0
479,2376.8377973589454,273.10248,1.3991699,30.0,316.46600341796875,101343000.0,100522516.0,100932758.0,410242.0
480,934.7750673526843,273.10248,1.3991699,30.0,316.46600341796875,101343000.0,100522516.0,100932758.0,410242.0
481,781.5939015358365,273.10248,1.3991699,30.0,316.46600341796875,101343000.0,100522516.0,100932758.0,410242.0
482,1017.742591084458,99.15233,0.26263428,19.0,316.46600341796875,101343000.0,100522516.0,100932758.0,410242.0
483,848.0951510192302,99.15233,0.26263428,19.0,316.46600341796875,101343000.0,100522516.0,100932758.0,410242.0
484,1628.403986282195,109.6228,0.64208984,19.0,316.46600341796875,101343000.0,100522516.0,100932758.0,410242.0
485,919.5216538190168,84.12506,0.60424805,28.0,316.46600341796875,101343000.0,100522516.0,100932758.0,410242.0
486,273.3376329717523,84.12506,0.60424805,28.0,316.46600341796875,101343000.0,100522516.0,100932758.0,410242.0
487,1459.3828218043525,123.85105,0.2805786,16.0,316.46600341796875,101343000.0,100522516.0,100932758.0,410242.0
488,1062.4355398930477,123.85105,0.2805786,16.0,316.46600341796875,101343000.0,100522516.0,100932758.0,410242.0
489,421.109318343496,232.46205,0.054367065,19.0,316.46600341796875,101343000.0,100522516.0,100932758.0,410242.0
490,1489.3633883894595,208.85997,0.5267334,33.0,316.46600341796875,101343000.0,100522516.0,100932758.0,410242.0
491,691.4817937735241,208.85997,0.5267334,33.0,316.46600341796875,101343000.0,100522516.0,100932758.0,410242.0
492,992.2464545061438,80.6825,0.3300171,9.0,316.46600341796875,101343000.0,100522516.0,100932758.0,410242.0
493,1002.3929787129642,80.6825,0.3300171,9.0,316.46600341796875,101343000.0,100522516.0,100932758.0,410242.0
494,995.5869720105076,95.14709,1.65625,20.0,316.46600341796875,101343000.0,100522516.0,100932758.0,410242.0
495,907.0278248700206,95.14709,1.65625,20.0,316.46600341796875,101343000.0,100522516.0,100932758.0,410242.0
496,674.5029580996045,396.00137,0.42211914,25.0,316.46600341796875,101343000.0,100522516.0,100932758.0,410242.0
497,1139.755383051832,107.55675,0.46704102,33.0,316.46600341796875,101343000.0,100522516.0,100932758.0,410242.0
498,1614.3804305463782,198.60352,1.6486816,21.0,316.46600341796875,101343000.0,100522516.0,100932758.0,410242.0
499,1244.7622259363034,198.60352,1.6486816,21.0,316.46600341796875,101343000.0,100522516.0,100932758.0,410242.0
500,580.8499838733819,136.47917,0.21676636,23.0,316.46600341796875,101343000.0,100522516.0,100932758.0,410242.0
501,696.7475966723899,136.47917,0.21676636,23.0,316.46600341796875,101343000.0,100522516.0,100932758.0,410242.0
502,1663.5211495838005,326.66016,0.6879883,31.0,316.46600341796875,101343000.0,100522516.0,100932758.0,410242.0
503,1499.8486640419492,326.66016,0.6879883,31.0,316.46600341796875,101343000.0,100522516.0,100932758.0,410242.0
504,920.1407479625066,254.09137,1.4050293,24.0,316.46600341796875,101343000.0,100522516.0,100932758.0,410242.0
505,1020.2405056109932,254.09137,1.4050293,24.0,316.46600341796875,101343000.0,100522516.0,100932758.0,410242.0
506,835.9223373032794,191.13321,0.06311035,23.0,316.46600341796875,101343000.0,100522516.0,100932758.0,410242.0
507,622.3241172655623,106.74101,1.9165039,16.0,316.46600341796875,101343000.0,100522516.0,100932758.0,410242.0
508,769.0906167309223,106.74101,1.9165039,16.0,316.46600341796875,101343000.0,100522516.0,100932758.0,410242.0
509,1021.2669056815342,148.16441,2.059082,11.0,316.46600341796875,101343000.0,100522516.0,100932758.0,410242.0
510,339.7979378217452,159.18092,0.1104126,24.0,316.46600341796875,101343000.0,100522516.0,100932758.0,410242.0
511,1313.0022311481273,196.19957,0.8433838,17.0,316.46600341796875,101343000.0,100522516.0,100932758.0,410242.0
512,1265.094680525304,196.19957,0.8433838,17.0,316.46600341796875,101343000.0,100522516.0,100932758.0,410242.0
513,1117.8338744462949,65.34586,1.4545898,22.0,316.46600341796875,101343000.0,100522516.0,100932758.0,410242.0
514,1057.2770629650622,127.9793,1.0949707,33.0,316.46600341796875,101343000.0,100522516.0,100932758.0,410242.0
515,1293.9915866078793,127.9793,1.0949707,33.0,316.46600341796875,101343000.0,100522516.0,100932758.0,410242.0
516,998.1953346682084,127.9793,1.0949707,33.0,316.46600341796875,101343000.0,100522516.0,100932758.0,410242.0
517,682.7937934126998,190.52057,1.7392578,30.0,316.46600341796875,101343000.0,100522516.0,100932758.0,410242.0
518,1170.8482977929905,190.52057,1.7392578,30.0,316.46600341796875,101343000.0,100522516.0,100932758.0,410242.0
519,692.5425375582149,190.52057,1.7392578,30.0,316.46600341796875,101343000.0,100522516.0,100932758.0,410242.0
520,493.23434547158206,98.23951,1.1245117,16.0,316.46600341796875,101343000.0,100522516.0,100932758.0,410242.0
521,557.8983668802754,98.23951,1.1245117,16.0,316.46600341796875,101343000.0,100522516.0,100932758.0,410242.0
522,569.9857111276013,252.80655,0.6435547,18.0,316.46600341796875,101343000.0,100522516.0,100932758.0,410242.0
523,1172.0774383454338,252.80655,0.6435547,18.0,316.46600341796875,101343000.0,100522516.0,100932758.0,410242.0
524,484.076317439689,252.80655,0.6435547,18.0,316.46600341796875,101343000.0,100522516.0,100932758.0,410242.0
525,936.3207987892034,58.919228,1.3034668,15.0,316.46600341796875,101343000.0,100522516.0,100932758.0,410242.0
526,476.541534658649,209.75713,0.98132324,18.0,316.46600341796875,101343000.0,100522516.0,100932758.0,410242.0
527,688.4130725787614,282.93384,0.81555176,27.0,316.46600341796875,101343000.0,100522516.0,100932758.0,410242.0
528,353.31857142846565,165.45499,0.6407471,13.0,316.46600341796875,101343000.0,100522516.0,100932758.0,410242.0
529,1143.8266291017903,165.45499,0.6407471,13.0,316.46600341796875,101343000.0,100522516.0,100932758.0,410242.0
530,970.3950861715688,59.95435,1.119873,26.0,316.46600341796875,101343000.0,100522516.0,100932758.0,410242.0
531,1235.921003267286,59.95435,1.119873,26.0,316.46600341796875,101343000.0,100522516.0,100932758.0,410242.0
532,347.177645622898,140.78552,0.61328125,20.0,316.46600341796875,101343000.0,100522516.0,100932758.0,410242.0
533,723.6273755774645,140.78552,0.61328125,20.0,316.46600341796875,101343000.0,100522516.0,100932758.0,410242.0
534,800.2261572245003,140.78552,0.61328125,20.0,316.46600341796875,101343000.0,100522516.0,100932758.0,410242.0
535,539.094798197367,253.98036,0.21411133,14.0,316.46600341796875,101343000.0,100522516.0,100932758.0,410242.0
536,657.4329021332696,253.98036,0.21411133,14.0,316.46600341796875,101343000.0,100522516.0,100932758.0,410242.0
537,1492.875216327555,186.265,0.1048584,23.0,316.46600341796875,101343000.0,100522516.0,100932758.0,410242.0
538,1207.4023676408362,181.21461,0.42944336,17.0,316.46600341796875,101343000.0,100522516.0,100932758.0,410242.0
539,467.9303400747776,80.99156,0.07810974,12.0,316.46600341796875,101343000.0,100522516.0,100932758.0,410242.0
540,390.9022348854572,80.99156,0.07810974,12.0,316.46600341796875,101343000.0,100522516.0,100932758.0,410242.0
541,1282.5207369769107,97.21516,0.08653259,18.0,316.46600341796875,101343000.0,100522516.0,100932758.0,410242.0
542,296.31512785902544,97.21516,0.08653259,18.0,316.46600341796875,101343000.0,100522516.0,100932758.0,410242.0
543,352.03864239706496,110.10288,0.5965576,30.0,316.46600341796875,101343000.0,100522516.0,100932758.0,410242.0
544,699.3602626441323,110.10288,0.5965576,30.0,316.46600341796875,101343000.0,100522516.0,100932758.0,410242.0
545,522.2949949877653,110.10288,0.5965576,30.0,316.46600341796875,101343000.0,100522516.0,100932758.0,410242.0
546,1372.718045987286,57.459198,1.4814453,17.0,316.46600341796875,101343000.0,100522516.0,100932758.0,410242.0
547,1364.4196718617045,57.459198,1.4814453,17.0,316.46600341796875,101343000.0,100522516.0,100932758.0,410242.0
548,1406.2901662034897,66.48149,0.46105957,13.0,316.46600341796875,101343000.0,100522516.0,100932758.0,410242.0
549,1035.6520259205972,66.48149,0.46105957,13.0,316.46600341796875,101343000.0,100522516.0,100932758.0,410242.0
550,1295.507458755697,202.90454,0.16720581,20.0,316.46600341796875,101343000.0,100522516.0,100932758.0,410242.0
551,1334.669799951903,211.25328,0.85583496,15.0,316.46600341796875,101343000.0,100522516.0,100932758.0,410242.0
552,981.955765488103,211.25328,0.85583496,15.0,316.46600341796875,101343000.0,100522516.0,100932758.0,410242.0
553,1488.66138098055,166.1779,1.5070801,21.0,316.46600341796875,101343000.0,100522516.0,100932758.0,410242.0
554,974.7754821131732,166.1779,1.5070801,21.0,316.46600341796875,101343000.0,100522516.0,100932758.0,410242.0
555,867.3246178372461,112.373085,0.1051178,29.0,316.46600341796875,101343000.0,100522516.0,100932758.0,410242.0
556,762.0319600041729,112.373085,0.1051178,29.0,316.46600341796875,101343000.0,100522516.0,100932758.0,410242.0
557,932.3850098189828,112.373085,0.1051178,29.0,316.46600341796875,101343000.0,100522516.0,100932758.0,410242.0
558,732.6207895823707,112.373085,0.1051178,29.0,316.46600341796875,101343000.0,100522516.0,100932758.0,410242.0
559,361.3822704466573,87.4095,0.3513794,19.0,316.46600341796875,101343000.0,100522516.0,100932758.0,410242.0
560,839.9599711440069,118.95633,0.9490967,13.0,316.46600341796875,101343000.0,100522516.0,100932758.0,410242.0
561,1333.0427737558705,84.99866,0.54748535,36.0,316.46600341796875,101343000.0,100522516.0,100932758.0,410242.0
562,1044.127488550065,84.99866,0.54748535,36.0,316.46600341796875,101343000.0,100522516.0,100932758.0,410242.0
563,1499.2168809260363,207.0979,0.5270996,26.0,316.46600341796875,101343000.0,100522516.0,100932758.0,410242.0
564,1184.5406215808398,207.0979,0.5270996,26.0,316.46600341796875,101343000.0,100522516.0,100932758.0,410242.0
565,904.6586290941816,224.97816,1.2851562,22.0,316.46600341796875,101343000.0,100522516.0,100932758.0,410242.0
566,1534.7663562217103,145.943,0.5201416,24.0,316.46600341796875,101343000.0,100522516.0,100932758.0,410242.0
567,1287.3358959076666,145.943,0.5201416,24.0,316.46600341796875,101343000.0,100522516.0,100932758.0,410242.0
568,1233.4095706206128,124.05002,1.1015625,19.0,316.46600341796875,101343000.0,100522516.0,100932758.0,410242.0
569,1025.0115935933234,124.05002,1.1015625,19.0,316.46600341796875,101343000.0,100522516.0,100932758.0,410242.0
570,1104.2495047132982,166.02397,0.29766846,17.0,316.46600341796875,101343000.0,100522516.0,100932758.0,410242.0
571,1017.7809780032763,166.02397,0.29766846,17.0,316.46600341796875,101343000.0,100522516.0,100932758.0,410242.0
572,1083.008871307577,132.22556,0.3538208,17.0,316.46600341796875,101343000.0,100522516.0,100932758.0,410242.0
573,911.2011256962144,132.22556,0.3538208,17.0,316.46600341796875,101343000.0,100522516.0,100932758.0,410242.0
574,628.2575023361761,90.706055,1.3601074,16.0,316.46600341796875,101343000.0,100522516.0,100932758.0,410242.0
575,280.2700580869569,66.86355,0.19396973,32.0,316.46600341796875,101343000.0,100522516.0,100932758.0,410242.0
576,1176.4711357500914,118.1641,0.7525635,18.0,316.46600341796875,101343000.0,100522516.0,100932758.0,410242.0
577,1491.2910059539092,87.60703,1.2553711,24.0,316.46600341796875,101343000.0,100522516.0,100932758.0,410242.0
578,1195.2328919448669,87.60703,1.2553711,24.0,316.46600341796875,101343000.0,100522516.0,100932758.0,410242.0
579,1437.091409838219,111.51462,1.9938965,19.0,316.46600341796875,101343000.0,100522516.0,100932758.0,410242.0
580,1052.5564583975097,57.59911,0.9041748,16.0,316.46600341796875,101343000.0,100522516.0,100932758.0,410242.0
581,940.3358044705436,57.59911,0.9041748,16.0,316.46600341796875,101343000.0,100522516.0,100932758.0,410242.0
582,1066.1729709068914,79.85741,0.19042969,29.0,316.46600341796875,101343000.0,100522516.0,100932758.0,410242.0
583,857.8685702256992,79.85741,0.19042969,29.0,316.46600341796875,101343000.0,100522516.0,100932758.0,410242.0
584,1328.2891820654102,80.20165,0.9544678,18.0,316.46600341796875,101343000.0,100522516.0,100932758.0,410242.0
585,355.3466310348353,107.56744,0.5661621,26.0,316.46600341796875,101343000.0,100522516.0,100932758.0,410242.0
586,1370.860030106144,247.75731,0.57666016,23.0,316.46600341796875,101343000.0,100522516.0,100932758.0,410242.0
587,1005.78924076738,57.66014,0.49725342,14.0,316.46600341796875,101343000.0,100522516.0,100932758.0,410242.0
588,827.9602658087722,57.66014,0.49725342,14.0,316.46600341796875,101343000.0,100522516.0,100932758.0,410242.0
589,526.445143345189,61.684605,0.63549805,32.0,316.46600341796875,101343000.0,100522516.0,100932758.0,410242.0
590,1163.8470310751404,61.684605,0.63549805,32.0,316.46600341796875,101343000.0,100522516.0,100932758.0,410242.0
591,459.1301014633411,61.684605,0.63549805,32.0,316.46600341796875,101343000.0,100522516.0,100932758.0,410242.0
592,818.4460691226657,158.3075,0.36779785,15.0,316.46600341796875,101343000.0,100522516.0,100932758.0,410242.0
593,709.5982369569788,158.3075,0.36779785,15.0,316.46600341796875,101343000.0,100522516.0,100932758.0,410242.0
594,530.3209586937078,160.11938,0.56396484,23.0,316.46600341796875,101343000.0,100522516.0,100932758.0,410242.0
595,500.1280399426407,160.11938,0.56396484,23.0,316.46600341796875,101343000.0,100522516.0,100932758.0,410242.0
596,1126.2180420814225,182.28825,0.44281006,23.0,316.46600341796875,101343000.0,100522516.0,100932758.0,410242.0
597,1057.3541851604043,182.28825,0.44281006,23.0,316.46600341796875,101343000.0,100522516.0,100932758.0,410242.0
598,420.7537966828267,169.42447,1.2365723,25.0,316.46600341796875,101343000.0,100522516.0,100932758.0,410242.0
599,1560.8079844535844,169.42447,1.2365723,25.0,316.46600341796875,101343000.0,100522516.0,100932758.0,410242.0
600,437.1526830521611,169.42447,1.2365723,25.0,316.46600341796875,101343000.0,100522516.0,100932758.0,410242.0
601,431.6192802662588,176.92267,0.95336914,23.0,316.46600341796875,101343000.0,100522516.0,100932758.0,410242.0
602,977.3760867055656,176.92267,0.95336914,23.0,316.46600341796875,101343000.0,100522516.0,100932758.0,410242.0
603,867.5921057294407,176.92267,0.95336914,23.0,316.46600341796875,101343000.0,100522516.0,100932758.0,410242.0
604,1124.7812462117515,113.29027,0.9934082,29.0,316.46600341796875,101343000.0,100522516.0,100932758.0,410242.0
605,976.6039489319952,113.29027,0.9934082,29.0,316.46600341796875,101343000.0,100522516.0,100932758.0,410242.0
606,410.2288755021928,166.05397,0.49468994,17.0,316.46600341796875,101343000.0,100522516.0,100932758.0,410242.0
607,626.4783661533127,166.05397,0.49468994,17.0,316.46600341796875,101343000.0,100522516.0,100932758.0,410242.0
608,1374.6674952707087,103.730934,0.044944763,22.0,316.46600341796875,101343000.0,100522516.0,100932758.0,410242.0
609,1057.72016297214,103.730934,0.044944763,22.0,316.46600341796875,101343000.0,100522516.0,100932758.0,410242.0
610,1199.4223167869588,101.27209,1.2421875,20.0,316.46600341796875,101343000.0,100522516.0,100932758.0,410242.0
611,1533.6696909817897,101.27209,1.2421875,20.0,316.46600341796875,101343000.0,100522516.0,100932758.0,410242.0
612,527.4981685948983,132.60455,0.86376953,12.0,316.46600341796875,101343000.0,100522516.0,100932758.0,410242.0
613,1156.4494338312224,180.08241,0.5444336,25.0,316.46600341796875,101343000.0,100522516.0,100932758.0,410242.0
614,932.7851563494312,180.08241,0.5444336,25.0,316.46600341796875,101343000.0,100522516.0,100932758.0,410242.0
615,1012.171310768465,180.08241,0.5444336,25.0,316.46600341796875,101343000.0,100522516.0,100932758.0,410242.0
616,1447.6660944173943,177.90489,0.8436279,29.0,316.46600341796875,101343000.0,100522516.0,100932758.0,410242.0
617,972.9197337131868,177.90489,0.8436279,29.0,316.46600341796875,101343000.0,100522516.0,100932758.0,410242.0
618,669.1704979274056,87.70032,1.1972656,29.0,316.46600341796875,101343000.0,100522516.0,100932758.0,410242.0
619,633.4921434143488,87.70032,1.1972656,29.0,316.46600341796875,101343000.0,100522516.0,100932758.0,410242.0
620,525.0880102364657,143.3058,0.54626465,25.0,316.46600341796875,101343000.0,100522516.0,100932758.0,410242.0
621,1280.8484344663711,127.74883,1.1276855,18.0,316.46600341796875,101343000.0,100522516.0,100932758.0,410242.0
622,1068.2906957836406,127.74883,1.1276855,18.0,316.46600341796875,101343000.0,100522516.0,100932758.0,410242.0
623,1284.7716242919832,131.19798,1.3093262,23.0,316.46600341796875,101343000.0,100522516.0,100932758.0,410242.0
624,1707.5147040359625,131.19798,1.3093262,23.0,316.46600341796875,101343000.0,100522516.0,100932758.0,410242.0
625,537.3611909482947,124.15573,0.4399414,15.0,316.46600341796875,101343000.0,100522516.0,100932758.0,410242.0
626,360.742839027336,87.9741,0.13955688,28.0,316.46600341796875,101343000.0,100522516.0,100932758.0,410242.0
627,918.9749999877812,76.96054,1.4685059,16.0,316.46600341796875,101343000.0,100522516.0,100932758.0,410242.0
628,922.3196648144818,202.93575,1.3676758,30.0,316.46600341796875,101343000.0,100522516.0,100932758.0,410242.0
629,1375.3220588560384,127.91579,0.8216553,25.0,316.46600341796875,101343000.0,100522516.0,100932758.0,410242.0
630,1588.9289790291534,127.91579,0.8216553,25.0,316.46600341796875,101343000.0,100522516.0,100932758.0,410242.0
631,1155.554178833872,156.03723,1.1582031,20.0,316.46600341796875,101343000.0,100522516.0,100932758.0,410242.0
632,858.8063035279063,156.03723,1.1582031,20.0,316.46600341796875,101343000.0,100522516.0,100932758.0,410242.0
633,905.701211428934,156.03723,1.1582031,20.0,316.46600341796875,101343000.0,100522516.0,100932758.0,410242.0
634,808.7466733747376,156.03723,1.1582031,20.0,316.46600341796875,101343000.0,100522516.0,100932758.0,410242.0
635,2020.6112574347223,70.95536,1.9855957,19.0,316.46600341796875,101343000.0,100522516.0,100932758.0,410242.0
636,793.1527634685672,70.95536,1.9855957,19.0,316.46600341796875,101343000.0,100522516.0,100932758.0,410242.0
637,1381.1273717185168,274.8183,0.47564697,18.0,316.46600341796875,101343000.0,100522516.0,100932758.0,410242.0
638,1032.9083421186613,274.8183,0.47564697,18.0,316.46600341796875,101343000.0,100522516.0,100932758.0,410242.0
639,533.4833123698575,116.03867,0.6331787,38.0,316.46600341796875,101343000.0,100522516.0,100932758.0,410242.0
640,495.2634530005688,116.03867,0.6331787,38.0,316.46600341796875,101343000.0,100522516.0,100932758.0,410242.0
641,476.8058528935055,116.03867,0.6331787,38.0,316.46600341796875,101343000.0,100522516.0,100932758.0,410242.0
642,552.1194462572337,116.03867,0.6331787,38.0,316.46600341796875,101343000.0,100522516.0,100932758.0,410242.0
643,1070.9251125115477,221.02951,0.9107666,34.0,316.46600341796875,101343000.0,100522516.0,100932758.0,410242.0
644,1016.6720529456264,221.02951,0.9107666,34.0,316.46600341796875,101343000.0,100522516.0,100932758.0,410242.0
645,989.939092120239,221.02951,0.9107666,34.0,316.46600341796875,101343000.0,100522516.0,100932758.0,410242.0
646,901.5782532677458,221.02951,0.9107666,34.0,316.46600341796875,101343000.0,100522516.0,100932758.0,410242.0
647,1466.523763114069,74.584114,0.6451416,15.0,316.46600341796875,101343000.0,100522516.0,100932758.0,410242.0
648,641.1800897134368,74.584114,0.6451416,15.0,316.46600341796875,101343000.0,100522516.0,100932758.0,410242.0
649,1131.7866339594966,155.83052,0.17086792,18.0,316.46600341796875,101343000.0,100522516.0,100932758.0,410242.0
650,423.3244136269793,155.83052,0.17086792,18.0,316.46600341796875,101343000.0,100522516.0,100932758.0,410242.0
651,915.4556519129208,183.95749,0.73132324,29.0,316.46600341796875,101343000.0,100522516.0,100932758.0,410242.0
652,979.571741538353,102.67979,0.868042,29.0,316.46600341796875,101343000.0,100522516.0,100932758.0,410242.0
653,1023.3765166937704,102.67979,0.868042,29.0,316.46600341796875,101343000.0,100522516.0,100932758.0,410242.0
654,1147.5914391543663,197.30017,0.88708496,12.0,316.46600341796875,101343000.0,100522516.0,100932758.0,410242.0
655,935.9386564442084,197.30017,0.88708496,12.0,316.46600341796875,101343000.0,100522516.0,100932758.0,410242.0
656,1593.2660275902604,165.23094,0.7055664,14.0,316.46600341796875,101343000.0,100522516.0,100932758.0,410242.0
657,1806.2283092308724,165.23094,0.7055664,14.0,316.46600341796875,101343000.0,100522516.0,100932758.0,410242.0
658,401.9727147464514,121.69059,0.5036621,29.0,316.46600341796875,101343000.0,100522516.0,100932758.0,410242.0
659,1121.5389026687112,87.880714,0.8820801,38.0,316.46600341796875,101343000.0,100522516.0,100932758.0,410242.0
660,747.2177372513993,87.880714,0.8820801,38.0,316.46600341796875,101343000.0,100522516.0,100932758.0,410242.0
661,1136.233778466018,74.45844,0.30529785,27.0,316.46600341796875,101343000.0,100522516.0,100932758.0,410242.0
662,963.2687893912124,74.45844,0.30529785,27.0,316.46600341796875,101343000.0,100522516.0,100932758.0,410242.0
663,984.2150568935248,81.97852,1.328125,29.0,316.46600341796875,101343000.0,100522516.0,100932758.0,410242.0
664,574.4969682747384,100.97065,0.29736328,13.0,316.46600341796875,101343000.0,100522516.0,100932758.0,410242.0
665,1051.4607286072144,141.9632,1.864502,18.0,316.46600341796875,101343000.0,100522516.0,100932758.0,410242.0
666,474.3130572996577,78.25917,0.30548096,16.0,316.46600341796875,101343000.0,100522516.0,100932758.0,410242.0
667,1552.2871243600837,139.9652,0.8300781,15.0,316.46600341796875,101343000.0,100522516.0,100932758.0,410242.0
668,1177.7642428122454,139.9652,0.8300781,15.0,316.46600341796875,101343000.0,100522516.0,100932758.0,410242.0
669,1170.095166364487,139.9652,0.8300781,15.0,316.46600341796875,101343000.0,100522516.0,100932758.0,410242.0
670,1002.5971449901956,90.93514,0.59069824,19.0,316.46600341796875,101343000.0,100522516.0,100932758.0,410242.0
671,892.584125914358,164.72934,1.4587402,13.0,316.46600341796875,101343000.0,100522516.0,100932758.0,410242.0
672,651.0088253181513,164.72934,1.4587402,13.0,316.46600341796875,101343000.0,100522516.0,100932758.0,410242.0
673,1003.829831734329,90.48941,0.023319244,19.0,316.46600341796875,101343000.0,100522516.0,100932758.0,410242.0
674,595.0696829351798,205.8979,0.42132568,35.0,316.46600341796875,101343000.0,100522516.0,100932758.0,410242.0
675,860.7107589831342,181.25145,0.6081543,19.0,316.46600341796875,101343000.0,100522516.0,100932758.0,410242.0
676,1091.0527045773588,181.25145,0.6081543,19.0,316.46600341796875,101343000.0,100522516.0,100932758.0,410242.0
677,1192.9525756280018,181.25145,0.6081543,19.0,316.46600341796875,101343000.0,100522516.0,100932758.0,410242.0
678,605.4027691703708,74.43958,0.26367188,23.0,316.46600341796875,101343000.0,100522516.0,100932758.0,410242.0
679,1600.3722002702625,274.97388,1.3469238,16.0,316.46600341796875,101343000.0,100522516.0,100932758.0,410242.0
680,912.2801880801788,67.84229,1.4604492,19.0,316.46600341796875,101343000.0,100522516.0,100932758.0,410242.0
681,875.0955527258844,67.84229,1.4604492,19.0,316.46600341796875,101343000.0,100522516.0,100932758.0,410242.0
682,849.1918960267737,110.28063,0.94958496,23.0,316.46600341796875,101343000.0,100522516.0,100932758.0,410242.0
683,984.0294913578764,110.28063,0.94958496,23.0,316.46600341796875,101343000.0,100522516.0,100932758.0,410242.0
684,490.2827809766608,151.09064,0.4017334,19.0,316.46600341796875,101343000.0,100522516.0,100932758.0,410242.0
685,619.3824754854619,151.09064,0.4017334,19.0,316.46600341796875,101343000.0,100522516.0,100932758.0,410242.0
686,735.5109667783531,143.91873,1.3764648,14.0,316.46600341796875,101343000.0,100522516.0,100932758.0,410242.0
687,1575.4322087203616,231.74258,1.239502,15.0,316.46600341796875,101343000.0,100522516.0,100932758.0,410242.0
688,1321.8074588774716,231.74258,1.239502,15.0,316.46600341796875,101343000.0,100522516.0,100932758.0,410242.0
689,1219.3201679417757,231.74258,1.239502,15.0,316.46600341796875,101343000.0,100522516.0,100932758.0,410242.0
690,2127.0667581990447,207.06212,1.293457,17.0,316.46600341796875,101343000.0,100522516.0,100932758.0,410242.0
691,1314.0006369869388,207.06212,1.293457,17.0,316.46600341796875,101343000.0,100522516.0,100932758.0,410242.0
692,1350.789015683127,207.06212,1.293457,17.0,316.46600341796875,101343000.0,100522516.0,100932758.0,410242.0
693,1263.938039894932,207.06212,1.293457,17.0,316.46600341796875,101343000.0,100522516.0,100932758.0,410242.0
694,432.61817774155537,64.21728,0.296875,29.0,316.46600341796875,101343000.0,100522516.0,100932758.0,410242.0
695,408.1546143722888,64.21728,0.296875,29.0,316.46600341796875,101343000.0,100522516.0,100932758.0,410242.0
696,833.4167475632061,106.34515,0.6656494,18.0,316.46600341796875,101343000.0,100522516.0,100932758.0,410242.0
697,840.2168037931139,106.34515,0.6656494,18.0,316.46600341796875,101343000.0,100522516.0,100932758.0,410242.0
698,721.2981769076632,106.34515,0.6656494,18.0,316.46600341796875,101343000.0,100522516.0,100932758.0,410242.0
699,376.78812726238846,303.0657,1.0690918,17.0,316.46600341796875,101343000.0,100522516.0,100932758.0,410242.0
700,1366.5976265951672,191.81133,1.0688477,15.0,316.46600341796875,101343000.0,100522516.0,100932758.0,410242.0
701,1075.6239886527735,191.81133,1.0688477,15.0,316.46600341796875,101343000.0,100522516.0,100932758.0,410242.0
702,655.3964716260036,99.575,1.8007812,24.0,316.46600341796875,101343000.0,100522516.0,100932758.0,410242.0
703,877.4104600617703,87.444435,1.5825195,25.0,316.46600341796875,101343000.0,100522516.0,100932758.0,410242.0
704,989.3792508979318,87.444435,1.5825195,25.0,316.46600341796875,101343000.0,100522516.0,100932758.0,410242.0
705,278.34967969136494,112.26986,0.4899292,15.0,316.46600341796875,101343000.0,100522516.0,100932758.0,410242.0
706,1203.1572193271727,235.77742,1.1757812,23.0,316.46600341796875,101343000.0,100522516.0,100932758.0,410242.0
707,806.7047770928658,197.25415,0.2600708,19.0,316.46600341796875,101343000.0,100522516.0,100932758.0,410242.0
708,710.1112494052894,365.3041,0.8729248,29.0,316.46600341796875,101343000.0,100522516.0,100932758.0,410242.0
709,1059.2867805821702,70.85558,0.12695312,10.0,316.46600341796875,101343000.0,100522516.0,100932758.0,410242.0
710,790.7874173225116,70.85558,0.12695312,10.0,316.46600341796875,101343000.0,100522516.0,100932758.0,410242.0
711,698.8704316415664,99.54911,2.0297852,13.0,316.46600341796875,101343000.0,100522516.0,100932758.0,410242.0
712,718.78636905361,207.21706,1.1376953,26.0,316.46600341796875,101343000.0,100522516.0,100932758.0,410242.0
713,1365.2227996511224,89.98084,1.7558594,15.0,316.46600341796875,101343000.0,100522516.0,100932758.0,410242.0
714,1224.423721207344,89.98084,1.7558594,15.0,316.46600341796875,101343000.0,100522516.0,100932758.0,410242.0
715,926.056490412746,99.1067,0.75598145,24.0,316.46600341796875,101343000.0,100522516.0,100932758.0,410242.0
716,1381.1241461799336,220.97913,1.807373,30.0,316.46600341796875,101343000.0,100522516.0,100932758.0,410242.0
717,944.814985559942,82.245766,1.5109863,22.0,316.46600341796875,101343000.0,100522516.0,100932758.0,410242.0
718,900.9714997598214,94.6888,2.2304688,14.0,316.46600341796875,101343000.0,100522516.0,100932758.0,410242.0
719,776.2018984525212,87.62604,0.7196045,13.0,316.46600341796875,101343000.0,100522516.0,100932758.0,410242.0
720,2336.7692481106565,101.27174,0.28723145,17.0,316.46600341796875,101343000.0,100522516.0,100932758.0,410242.0
721,385.1643554839508,215.37651,0.6940918,14.0,316.46600341796875,101343000.0,100522516.0,100932758.0,410242.0
722,461.3082037875251,215.37651,0.6940918,14.0,316.46600341796875,101343000.0,100522516.0,100932758.0,410242.0
723,1022.5532353205664,96.12182,0.24407959,13.0,316.46600341796875,101343000.0,100522516.0,100932758.0,410242.0
724,1075.4157462138155,96.12182,0.24407959,13.0,316.46600341796875,101343000.0,100522516.0,100932758.0,410242.0
725,1072.6345953754892,102.47529,1.8894043,20.0,316.46600341796875,101343000.0,100522516.0,100932758.0,410242.0
726,796.3165997465892,102.47529,1.8894043,20.0,316.46600341796875,101343000.0,100522516.0,100932758.0,410242.0
727,1019.8478171012678,122.82892,1.3435059,30.0,316.46600341796875,101343000.0,100522516.0,100932758.0,410242.0
728,849.643042371533,122.82892,1.3435059,30.0,316.46600341796875,101343000.0,100522516.0,100932758.0,410242.0
729,1034.1327657386908,159.48337,0.9864502,23.0,316.46600341796875,101343000.0,100522516.0,100932758.0,410242.0
730,947.8799295889416,159.48337,0.9864502,23.0,316.46600341796875,101343000.0,100522516.0,100932758.0,410242.0
731,637.0678391088003,105.84809,0.123535156,14.0,316.46600341796875,101343000.0,100522516.0,100932758.0,410242.0
732,703.9830881185276,105.84809,0.123535156,14.0,316.46600341796875,101343000.0,100522516.0,100932758.0,410242.0
733,1143.1313196127885,205.02037,1.1501465,23.0,316.46600341796875,101343000.0,100522516.0,100932758.0,410242.0
734,1020.6569298569624,205.02037,1.1501465,23.0,316.46600341796875,101343000.0,100522516.0,100932758.0,410242.0
735,1001.6926514806104,112.99149,0.31604004,31.0,316.46600341796875,101343000.0,100522516.0,100932758.0,410242.0
736,1328.3677069584633,111.99476,1.4919434,26.0,316.46600341796875,101343000.0,100522516.0,100932758.0,410242.0
737,1255.8693625583744,111.99476,1.4919434,26.0,316.46600341796875,101343000.0,100522516.0,100932758.0,410242.0
738,489.60995306997,65.73953,1.1108398,23.0,316.46600341796875,101343000.0,100522516.0,100932758.0,410242.0
739,761.9261864681765,153.60495,1.753418,15.0,316.46600341796875,101343000.0,100522516.0,100932758.0,410242.0
740,1200.6407954450117,153.60495,1.753418,15.0,316.46600341796875,101343000.0,100522516.0,100932758.0,410242.0
741,1079.910617455802,153.60495,1.753418,15.0,316.46600341796875,101343000.0,100522516.0,100932758.0,410242.0
742,566.4728403206734,153.60495,1.753418,15.0,316.46600341796875,101343000.0,100522516.0,100932758.0,410242.0
743,1106.0219765062468,129.97517,0.76452637,18.0,316.46600341796875,101343000.0,100522516.0,100932758.0,410242.0
744,948.4914014594772,129.97517,0.76452637,18.0,316.46600341796875,101343000.0,100522516.0,100932758.0,410242.0
745,838.6217364060128,129.97517,0.76452637,18.0,316.46600341796875,101343000.0,100522516.0,100932758.0,410242.0
746,1994.0976202823797,90.87442,0.7093506,17.0,316.46600341796875,101343000.0,100522516.0,100932758.0,410242.0
747,589.2338569615932,90.87442,0.7093506,17.0,316.46600341796875,101343000.0,100522516.0,100932758.0,410242.0
748,751.6325334621639,66.81208,0.6730957,21.0,316.46600341796875,101343000.0,100522516.0,100932758.0,410242.0
749,839.1036073133822,66.81208,0.6730957,21.0,316.46600341796875,101343000.0,100522516.0,100932758.0,410242.0
750,1558.6214598640647,60.364197,0.1873169,28.0,316.46600341796875,101343000.0,100522516.0,100932758.0,410242.0
751,705.8187900202141,60.364197,0.1873169,28.0,316.46600341796875,101343000.0,100522516.0,100932758.0,410242.0
752,851.3276921887034,60.364197,0.1873169,28.0,316.46600341796875,101343000.0,100522516.0,100932758.0,410242.0
753,671.684393940413,60.364197,0.1873169,28.0,316.46600341796875,101343000.0,100522516.0,100932758.0,410242.0
754,608.4604272522683,92.12754,0.3251953,15.0,316.46600341796875,101343000.0,100522516.0,100932758.0,410242.0
755,412.3795509348205,174.08344,0.66882324,29.0,316.46600341796875,101343000.0,100522516.0,100932758.0,410242.0
756,417.1018136028856,174.08344,0.66882324,29.0,316.46600341796875,101343000.0,100522516.0,100932758.0,410242.0
757,527.7545923234593,174.08344,0.66882324,29.0,316.46600341796875,101343000.0,100522516.0,100932758.0,410242.0
758,1097.9388745616036,149.56664,1.1206055,18.0,316.46600341796875,101343000.0,100522516.0,100932758.0,410242.0
759,1126.7344065081218,113.34606,0.61206055,29.0,316.46600341796875,101343000.0,100522516.0,100932758.0,410242.0
760,576.5284420629432,113.34606,0.61206055,29.0,316.46600341796875,101343000.0,100522516.0,100932758.0,410242.0
761,966.5883412655912,93.750946,0.4656372,22.0,316.46600341796875,101343000.0,100522516.0,100932758.0,410242.0
762,816.1587389936833,93.750946,0.4656372,22.0,316.46600341796875,101343000.0,100522516.0,100932758.0,410242.0
763,1486.1134268220023,72.88137,0.305542,22.0,316.46600341796875,101343000.0,100522516.0,100932758.0,410242.0
764,1175.6302881598194,72.88137,0.305542,22.0,316.46600341796875,101343000.0,100522516.0,100932758.0,410242.0
765,404.8687963604618,108.13106,0.1545105,21.0,316.46600341796875,101343000.0,100522516.0,100932758.0,410242.0
766,391.8341430948299,108.13106,0.1545105,21.0,316.46600341796875,101343000.0,100522516.0,100932758.0,410242.0
767,378.11832697162697,110.7062,0.6496582,26.0,316.46600341796875,101343000.0,100522516.0,100932758.0,410242.0
768,524.5950181836447,110.7062,0.6496582,26.0,316.46600341796875,101343000.0,100522516.0,100932758.0,410242.0
769,2099.1060052553757,363.73816,1.3127441,32.0,-316.46600341796875,101343000.0,100522516.0,100932758.0,410242.0
770,1055.008798340006,108.48914,1.916748,22.0,316.46600341796875,101343000.0,100522516.0,100932758.0,410242.0
771,1166.62488578108,108.48914,1.916748,22.0,316.46600341796875,101343000.0,100522516.0,100932758.0,410242.0
772,1227.223487877131,92.58595,0.4099121,27.0,316.46600341796875,101343000.0,100522516.0,100932758.0,410242.0
773,913.0251075698388,92.58595,0.4099121,27.0,316.46600341796875,101343000.0,100522516.0,100932758.0,410242.0
774,748.260067810984,84.21609,0.53344727,20.0,316.46600341796875,101343000.0,100522516.0,100932758.0,410242.0
775,844.742661057689,84.21609,0.53344727,20.0,316.46600341796875,101343000.0,100522516.0,100932758.0,410242.0
776,700.1233472561308,84.21609,0.53344727,20.0,316.46600341796875,101343000.0,100522516.0,100932758.0,410242.0
777,774.8455490310547,96.525604,1.8149414,24.0,316.46600341796875,101343000.0,100522516.0,100932758.0,410242.0
778,768.8802895141803,96.525604,1.8149414,24.0,316.46600341796875,101343000.0,100522516.0,100932758.0,410242.0
779,644.1191596872038,96.525604,1.8149414,24.0,316.46600341796875,101343000.0,100522516.0,100932758.0,410242.0
780,355.88293116068536,121.943726,0.54296875,25.0,316.46600341796875,101343000.0,100522516.0,100932758.0,410242.0
781,336.9017210974225,121.943726,0.54296875,25.0,316.46600341796875,101343000.0,100522516.0,100932758.0,410242.0
782,515.044707393823,121.943726,0.54296875,25.0,316.46600341796875,101343000.0,100522516.0,100932758.0,410242.0
783,1032.6376692659007,90.14218,1.9387207,20.0,316.46600341796875,101343000.0,100522516.0,100932758.0,410242.0
784,1013.4314821020358,90.14218,1.9387207,20.0,316.46600341796875,101343000.0,100522516.0,100932758.0,410242.0
785,599.1719492701138,60.197166,1.1530762,20.0,316.46600341796875,101343000.0,100522516.0,100932758.0,410242.0
786,648.9692705244519,60.197166,1.1530762,20.0,316.46600341796875,101343000.0,100522516.0,100932758.0,410242.0
787,944.1348675444292,69.693855,0.09397888,16.0,316.46600341796875,101343000.0,100522516.0,100932758.0,410242.0
788,1428.7945160323509,97.42206,0.7044678,24.0,316.46600341796875,101343000.0,100522516.0,100932758.0,410242.0
789,1120.6451439485352,97.42206,0.7044678,24.0,316.46600341796875,101343000.0,100522516.0,100932758.0,410242.0
790,3195.574396537954,277.4657,0.07232666,19.0,316.46600341796875,101343000.0,100522516.0,100932758.0,410242.0
791,511.922763197236,277.4657,0.07232666,19.0,316.46600341796875,101343000.0,100522516.0,100932758.0,410242.0
792,561.1981048043591,98.86358,0.47906494,15.0,316.46600341796875,101343000.0,100522516.0,100932758.0,410242.0
793,434.476026063815,98.86358,0.47906494,15.0,316.46600341796875,101343000.0,100522516.0,100932758.0,410242.0
794,469.2522929192176,211.8593,0.95092773,23.0,316.46600341796875,101343000.0,100522516.0,100932758.0,410242.0
795,833.5244087696284,149.5515,0.10913086,21.0,316.46600341796875,101343000.0,100522516.0,100932758.0,410242.0
796,933.5246224127258,152.5336,0.54052734,19.0,316.46600341796875,101343000.0,100522516.0,100932758.0,410242.0
797,1017.235308737414,157.5263,1.5898438,25.0,316.46600341796875,101343000.0,100522516.0,100932758.0,410242.0
798,812.8742155675872,157.5263,1.5898438,25.0,316.46600341796875,101343000.0,100522516.0,100932758.0,410242.0
799,447.5471541704301,102.70946,0.31170654,19.0,316.46600341796875,101343000.0,100522516.0,100932758.0,410242.0
800,765.7024883004619,146.22238,1.375,30.0,316.46600341796875,101343000.0,100522516.0,100932758.0,410242.0
801,709.3217236860711,146.22238,1.375,30.0,316.46600341796875,101343000.0,100522516.0,100932758.0,410242.0
802,2783.444075398489,118.53793,1.1081543,35.0,316.46600341796875,101343000.0,100522516.0,100932758.0,410242.0
803,515.9466439256229,118.53793,1.1081543,35.0,316.46600341796875,101343000.0,100522516.0,100932758.0,410242.0
804,404.2145611876841,132.96172,0.79089355,16.0,316.46600341796875,101343000.0,100522516.0,100932758.0,410242.0
805,1072.7621780658926,61.401302,1.3120117,26.0,316.46600341796875,101343000.0,100522516.0,100932758.0,410242.0
806,894.9457943223215,61.401302,1.3120117,26.0,316.46600341796875,101343000.0,100522516.0,100932758.0,410242.0
807,2526.5095475146027,145.69272,1.4609375,29.0,316.46600341796875,101343000.0,100522516.0,100932758.0,410242.0
808,1744.8794148750303,145.69272,1.4609375,29.0,316.46600341796875,101343000.0,100522516.0,100932758.0,410242.0
809,1399.6962570508342,145.69272,1.4609375,29.0,316.46600341796875,101343000.0,100522516.0,100932758.0,410242.0
810,709.5671421723947,143.10335,1.2143555,39.0,316.46600341796875,101343000.0,100522516.0,100932758.0,410242.0
811,1382.1665456830328,83.16375,1.0026855,24.0,316.46600341796875,101343000.0,100522516.0,100932758.0,410242.0
812,558.0436858783395,83.16375,1.0026855,24.0,316.46600341796875,101343000.0,100522516.0,100932758.0,410242.0
813,416.7759445988388,135.59473,0.8294678,30.0,316.46600341796875,101343000.0,100522516.0,100932758.0,410242.0
814,854.9750990805987,67.07073,0.5596924,23.0,316.46600341796875,101343000.0,100522516.0,100932758.0,410242.0
815,1864.990055284315,67.07073,0.5596924,23.0,316.46600341796875,101343000.0,100522516.0,100932758.0,410242.0
816,951.9506855326885,67.07073,0.5596924,23.0,316.46600341796875,101343000.0,100522516.0,100932758.0,410242.0
